name,subjects,hobbies,career
Student_0910,"Media Studies, Art","I enjoy organising events, solving last minute problems, keeping people on track, creativity",Event Planner
Student_0229,"Maths, Geography, Chemistry, Health Science","I usually like studying fish behaviour, watching documentaries about the sea, working outdoors near water, researching ecosystems, nature",Marine Biologist
Student_0649,"I enjoy Media Studies, Drama, English, Computer Science","I like making dramatic moments land, organising footage, telling stories through clips, projects, organising notes, technology",Film Editor
Student_0534,"I like learning Engineering, Physics, Digital Technology, Design Technology","I like measuring signals, fixing electrical problems, building small devices, working with circuits, technology, making things better",Electrical Engineer
Student_0020,"My favourite subjects are Maths, English Literature","In my free time I enjoy reading about diseases, understanding symptoms, solving health problems, learning how the human body works, teamwork",Doctor
Student_0078,"I like learning Biology, Physical Education, Psychology","learning about muscles and movement, encouraging people to keep practising, explaining body movement, coaching, organising notes",Physiotherapist
Student_0627,"Art, Computer Science","I usually like editing motion, creating short animations, using creative software, thinking about timing and movement, bringing characters to life, storytelling",Animator
Student_0694,"I enjoy Business Studies, Music","recording sounds, experimenting with sound effects, editing audio, performance",Music Producer
Student_0564,"I like learning Physics, Mathematics","In my free time I enjoy thinking about light and layout, solving space problems, planning spaces, combining creativity with measurements, planning",Architect
Student_0045,"I enjoy Health Science, Psychology, Social Studies","I am interested in following health instructions, being patient and practical, caring for people, helping patients understand what is happening, communication, presenting ideas",Nurse
Student_0338,"I enjoy Digital Technology, English","I like finding security weaknesses, learning about passwords and networks, solving online mysteries, problem solving",Cybersecurity Analyst
Student_0541,"I like learning Mathematics, Design Technology, Digital Technology, Physics, Chemistry","I like fixing electrical problems, testing electronics, designing control systems, working with circuits, hands-on projects",Electrical Engineer
Student_0789,"I like learning Maths, Economics, Business","I usually like tracking expenses, comparing costs, checking numbers carefully, organising financial records, planning budgets, planning, helping friends",Accountant
Student_0457,"I enjoy English Literature, Art, Design Technology, Environmental Science","improving user experience, making buttons easy to understand, sketching layouts, thinking about how users feel, creativity, making things better, science experiments",UI/UX Designer
Student_0554,"I enjoy Design Technology, Physics, Art","I like thinking about light and layout, making models, planning spaces, designing rooms people enjoy, maths",Architect
Student_0494,"I enjoy Engineering, Geography","I enjoy solving construction problems, planning strong structures, working with measurements, designing bridges, maths",Civil Engineer
Student_0239,"My favourite subjects are Geography, Chemistry, Biology","In my free time I enjoy studying fish behaviour, researching ecosystems, learning about ocean life, collecting water samples, research",Marine Biologist
Student_0717,"Politics, History, Social Studies","I am interested in writing stories, telling real stories clearly, taking notes quickly, interviewing people, people skills, learning new tools",Journalist
Student_0420,"Engineering, Physics, Design Technology, Computer Science","I enjoy testing robots, combining hardware and software, building moving machines, fixing mechanical problems, problem solving",Robotics Engineer
Student_0610,"Mostly Design Technology, Art, English Literature","I like creating posters, making social media graphics, editing images, designing logos, communication",Graphic Designer
Student_0168,"I enjoy Health Science, Art, Maths","I like being precise with tools, learning about teeth and health, combining science with careful design, using steady hands, communication",Dentist
Student_0047,"My favourite subjects are Psychology, Chemistry, English Literature","following health instructions, staying organised during busy tasks, helping patients understand what is happening, checking on others, caring for people, communication",Nurse
Student_0121,"I enjoy Mathematics, Biology, Chemistry, Physics","I like finding causes of disease, testing samples, comparing data from tests, investigating how cells work, problem solving, asking questions, technology",Biomedical Scientist
Student_0908,"Mostly English, Mathematics, Business, Media Studies","In my free time I enjoy planning schedules, organising events, working with groups, solving last minute problems, leadership",Event Planner
Student_0988,"I like learning Psychology, English","In my free time I enjoy training teams, motiviating players, watching performance closely, helping people improve fitness, studying game strategy, leadership",Sports Coach
Student_0424,"Mostly Design Technology, Computer Science, Physics, Maths","I am interested in fixing mechanical problems, working with circuits, building moving machines, testing robots, technology, doing group projects",Robotics Engineer
Student_0263,"I like learning Maths, Biology, Statistics, Physics","I like recording facts carefully, following clues logically, using lab techniques, connecting science to investigations, careful observation",Forensic Scientist
Student_0667,"Mostly English, Computer Science, Art, Business Studies","I enjoy creating trailers and short films, fixing timing, telling stories through clips, communication",Film Editor
Student_0788,"My favourite subjects are Statistics, Business","In my free time I enjoy helping people make responsible money decisions, organising financial records, finding mistakes in calculations, working with spreadsheets, problem solving",Accountant
Student_0942,"Economics, Social Studies, English Literature","I am interested in communicating with different people, making fair decisions, organising interviews, understanding motivation, communication, making things better",Human Resources Manager
Student_1014,"My favourite subjects are Maths, English, Geography","I like paying attention to instruments, making quick but careful decisions, learning about aircraft, problem solving, asking questions",Pilot
Student_0390,"I like learning Mathematics, Computer Science, Physics","I enjoy testing gameplay, designing game levels, coding interactive challenges, creating characters, balancing difficulty, drawing, solving challenges",Game Developer
Student_0611,"I enjoy English Literature, Art, Media Studies, Design Technology","I usually like communicating ideas visually, experimenting with layouts, making social media graphics, creating posters, technology, making things better",Graphic Designer
Student_0256,"I enjoy Physics, Chemistry, Biology","I usually like analysing samples, recording facts carefully, following clues logically, using lab techniques, solving mysteries with evidence, problem solving, trying creative ideas",Forensic Scientist
Student_0965,"I like learning Health Science, Food Technology, Business Studies, Chemistry","testing flavours, creating recipes, making meals people enjoy, cooking under pressure, planning menus, creativity",Chef
Student_0365,"I like learning Statistics, Business","I like cleaning messy data, spotting trends, finding patterns in numbers, presenting information",Data Analyst
Student_0701,"I like learning Politics, Social Studies, Media Studies","I am interested in explaining news simply, telling real stories clearly, checking facts, research",Journalist
Student_0856,"I like learning Mathematics, Digital Technology, English Literature","In my free time I enjoy turning problems into opportunities, starting small projects, selling ideas, planning a business, leadership, watching documentaries",Entrepreneur
Student_0026,"My favourite subjects are Biology, Health Science, English, Chemistry","I like caring for people, helping patients understand what is happening, comforting people when they are nervous, checking on others, following health instructions, helping people",Nurse
Student_0202,"My favourite subjects are Statistics, Mathematics, Geography","learning about climate change, collecting field data, testing water quality, nature",Environmental Scientist
Student_0738,"Mostly Media Studies, English Literature","In my free time I enjoy editing images, making people feel comfortable on camera, telling stories through pictures, noticing small visual details, capturing events, creativity",Photographer
Student_0325,"My favourite subjects are Maths, Physics, Biology","I like experimenting with data, testing predictions, working with algorithms, understanding patterns in data, learning about machine learning, technology",AI Engineer
Student_0991,"Mostly PE, Biology, Psychology, Mathematics","I enjoy training teams, motivating players, planning drills, giving clear feedback, watching performance closely, health topics",Sports Coach
Student_0983,"I enjoy Chemistry, Business Studies, Art, Health Science","creating recipes, understanding ingredients, planning menus, making meals people enjoy, detail work",Chef
Student_0842,"Mostly Economics, English Literature, Mathematics","I usually like turning problems into opportunities, making decisions quickly, starting small projects, promoting products, leadership",Entrepreneur
Student_0141,"Statistics, Mathematics, Biology, Health Science","I usually like investigating how cells work, testing samples, running experiments carefully, working in a lab, research, making things better",Biomedical Scientist
Student_0191,"I like learning Chemistry, Biology, Health Science, Agriculture","I usually like helping injured pets, learning about animal behaviour, solving health problems for animals, caring for animals, science experiments",Veterinarian
Student_0979,"I like learning Health Science, Chemistry, Art, Business, Business Studies","In my free time I enjoy working quickly in a team, decorating food, testing flavours, making meals people enjoy, cooking under pressure, detail work",Chef
Student_0585,"My favourite subjects are Engineering, Geography, Physics","I like testing efficient technology, improving energy use, working with electricity and sustainability, maths, hands-on projects",Renewable Energy Engineer
Student_0241,"I like learning Biology, Physics, Mathematics, Chemistry, Computer Science","I usually like using lab techniques, analysing samples, recording facts carefully, following clues logically, connecting science to investigations, data, presenting ideas, creativity",Forensic Scientist
Student_0142,"I like learning Biology, Health Science, Statistics, Chemistry","comparing data from tests, finding causes of disease, testing samples, data",Biomedical Scientist
Student_0846,"I enjoy Digital Technology, Business, English","I usually like making decisions quickly, taking smart risks, solving customer problems, turning problems into opportunities, communication, working with classmates",Entrepreneur
Student_0277,"My favourite subjects are Food Technology, Maths, Geography","I am interested in understanding nutrition labels, mixing ingredients accurately, creating new recipes safely, solving shelf life problems, improving food packaging, problem solving",Food Technologist
Student_0834,"Mostly Education, Psychology, Maths","I enjoy encouraging younger students, organising group work, being patient with questions, helping classmates learn, leadership",Teacher
Student_0581,"Environmental Science, Geography","I am interested in improving energy use, designing clean energy systems, testing efficient technology, learning about solar power, building practical solutions for the future, environment",Renewable Energy Engineer
Student_0966,"Mostly Chemistry, Art","I am interested in decorating food, cooking under pressure, understanding ingredients, planning menus, teamwork, watching documentaries",Chef
Student_1066,"Chemistry, Biology, Digital Technology","I am interested in using technology outdoors, tracking plant growth, improving farming methods, testing soil, technology",Agriculture Technologist
Student_1050,"I enjoy Geography, Social Studies, Media Studies","I am interested in welcoming visitors, working with people from different places, solving customer problems, planning",Tourism Manager
Student_0669,"Art, English, Drama","I enjoy adding effects, choosing music for scenes, creating trailers and short films, technology, trying creative ideas",Film Editor
Student_0749,"I like learning Textiles, Business Studies, Design Technology","In my free time I enjoy sketching outfits, turning ideas into clothes, choosing fabrics, projects",Fashion Designer
Student_0035,"I like learning Social Studies, English Literature, Psychology","following health instructions, checking on others, staying organised during busy tasks, teamwork, watching documentaries",Nurse
Student_0148,"I like learning Art, Chemistry","I like fixing practical problems, combining science with careful design, being precise with tools, science",Dentist
Student_0839,"Mostly Psychology, Social Studies, English","In my free time I enjoy organising group work, making lessons fun, encouraging younger students, leadership",Teacher
Student_0743,"I enjoy Media Studies, Art","I am interested in noticing small visual details, choosing angles, making people feel comfortable on camera, taking creative photos, communication",Photographer
Student_0795,"Mostly Social Studies, Business Studies, Politics, History","I enjoy speaking confidently, researching cases, looking at both sides of a situation, building strong arguments, people skills",Lawyer
Student_0030,"Mostly Biology, English Literature, Chemistry, Psychology","I am interested in helping patients understand what is happening, working in a team, staying organised during busy tasks, following health instructions, communication, joining school activities",Nurse
Student_1040,"Mostly Media Studies, Business, English Literature, Social Studies","I enjoy working with people from different places, learning about cultures, promoting destinations, creating fun itineraries, solving customer problems, people skills",Tourism Manager
Student_0545,"I like learning Physics, Engineering, Design Technology","testing electronics, measuring signals, fixing electrical problems, designing control systems, problem solving, science",Electrical Engineer
Student_0512,"I enjoy Maths, Design Technology","In my free time I enjoy testing prototypes, building practical devices, improving performance, maths",Mechanical Engineer
Student_0270,"Maths, Food Technology, Chemistry","I like understanding nutrition labels, improving food packaging, mixing ingredients accurately, problem solving, solving challenges",Food Technologist
Student_0054,"My favourite subjects are Health Science, Chemistry, Biology","reading medicine labels, understanding how medicines work, learning about side effects, helping people choose safe options, organising information, health topics, asking questions",Pharmacist
Student_0778,"I enjoy Mathematics, Accounting","I am interested in checking numbers carefully, planning budgets, comparing costs, tracking expenses, planning",Accountant
Student_0762,"My favourite subjects are Design Technology, Art, Business Studies","making patterns, sketching outfits, planning colour combinations, choosing fabrics, turning ideas into clothes, design",Fashion Designer
Student_0428,"Design Technology, Digital Technology","I usually like designing automated systems, fixing mechanical problems, coding sensors, experiments",Robotics Engineer
Student_0515,"I like learning Digital Technology, Physics, Design Technology","I usually like using tools, solving mechanical problems, improving performance, designing moving parts, building practical devices, maths, helping friends",Mechanical Engineer
Student_0904,"Mostly Business Studies, English, Art","I like managing budgets, organising events, solving last minute problems, planning schedules, decorating spaces, teamwork, joining school activities",Event Planner
Student_0764,"My favourite subjects are Art, Business, Design Technology, Media Studies","making patterns, creating wearable designs, following style trends, planning colour combinations, sketching outfits, drawing",Fashion Designer
Student_0733,"Mostly Art, English, Physics, Statistics","making people feel comfortable on camera, taking creative photos, choosing angles, detail work",Photographer
Student_0777,"I enjoy Maths, Economics, Statistics","I usually like finding mistakes in calculations, working with spreadsheets, checking numbers carefully, maths, creativity",Accountant
Student_0915,"Mostly English, Health Science","In my free time I enjoy connecting people with help, understanding family and community issues, listening without judging, helping people feel safe, research",Social Worker
Student_0380,"Mostly Statistics, Mathematics","I enjoy spotting trends, finding patterns in numbers, turning data into decisions, research",Data Analyst
Student_0404,"I like learning Computing, Physics, Maths","In my free time I enjoy testing gameplay, creating characters, designing game levels, thinking about player experience, creativity",Game Developer
Student_0811,"Social Studies, History, Politics, English, Mathematics","In my free time I enjoy researching cases, building strong arguments, speaking confidently, explaining rights, research",Lawyer
Student_0516,"Engineering, Digital Technology, Design Technology","I usually like improving performance, building practical devices, fixing engines, designing moving parts, maths",Mechanical Engineer
Student_1001,"Health Science, Psychology, English","I like giving clear feedback, training teams, building confidence through practice, studying game strategy, motivating players, health topics, problem solving",Sports Coach
Student_0475,"I enjoy English, Art, Psychology, Health Science","I like improving user experience, thinking about how users feel, turning feedback into better designs, designing clean app screens, technology",UI/UX Designer
Student_0815,"I like learning History, Social Studies","I am interested in building strong arguments, looking at both sides of a situation, debating ideas, explaining rights, researching cases, problem solving",Lawyer
Student_0530,"Mostly Physics, Design Technology, Engineering","I am interested in fixing electrical problems, measuring signals, working with circuits, testing electronics, experiments",Electrical Engineer
Student_0726,"Mostly Art, Design Technology, English","In my free time I enjoy capturing events, taking creative photos, making people feel comfortable on camera, editing images, technology, trying creative ideas",Photographer
Student_0986,"I like learning English, PE, Health Science, Biology","helping people improve fitness, giving clear feedback, studying game strategy, teamwork",Sports Coach
Student_0675,"Mostly Music, Media Studies","learning music software, helping songs sound polished, creating melodies, recording sounds, mixing beats, listening skills",Music Producer
Student_0069,"My favourite subjects are English, Maths, Chemistry","I am interested in understanding how medicines work, explaining instructions clearly, organising information, science experiments, asking questions",Pharmacist
Student_0578,"I enjoy Engineering, Environmental Science","I like designing clean energy systems, researching wind and water power, testing efficient technology, environment",Renewable Energy Engineer
Student_0905,"My favourite subjects are Art, Maths","In my free time I enjoy decorating spaces, organising events, solving last minute problems, leadership",Event Planner
Student_0890,"Mostly English, Media Studies, Business Studies","I enjoy planning schedules, managing budgets, making experiences feel exciting, solving last minute problems, keeping people on track, planning",Event Planner
Student_0274,"Maths, Chemistry, Business Studies","combining science with food ideas, solving shelf life problems, understanding nutrition labels, science experiments",Food Technologist
Student_0955,"Mostly Economics, English Literature, Mathematics","I enjoy making fair decisions, helping teams work better, keeping records organised, communicating with different people, leadership",Human Resources Manager
Student_0960,"English, Social Studies, Economics","I like organising interviews, making fair decisions, helping teams work better, understanding motivation, planning",Human Resources Manager
Student_0133,"Mostly Chemistry, Biology, Mathematics, Media Studies","using microscopes, testing samples, comparing data from tests, investigating how cells work, careful observation",Biomedical Scientist
Student_0938,"I like learning Social Studies, English Literature, Economics","I like solving workplace issues, organising interviews, helping teams work better, making fair decisions, people skills",Human Resources Manager
Student_0500,"Mostly Engineering, Design Technology, Physics, Maths","building models, reading maps and plans, designing bridges, maths",Civil Engineer
Student_0436,"My favourite subjects are Mathematics, Business, Digital Technology","testing network speed, organising systems, keeping devices connected, fixing internet problems, troubleshooting",Network Engineer
Student_0893,"My favourite subjects are Maths, Business Studies, Art","I am interested in making experiences feel exciting, organising events, managing budgets, keeping people on track, decorating spaces, creativity",Event Planner
Student_0536,"Mostly Engineering, Physics","I like building small devices, fixing electrical problems, measuring signals, understanding power systems, designing control systems, experiments",Electrical Engineer
Student_0179,"I like learning Chemistry, English, Health Science","I am interested in solving health problems for animals, learning about animal behaviour, explaining animal care, helping people, organising notes",Veterinarian
Student_0949,"My favourite subjects are Business, Social Studies, Economics, Engineering","I am interested in solving workplace issues, planning staff activities, organising interviews, understanding motivation, planning",Human Resources Manager
Student_0464,"My favourite subjects are Psychology, Computer Science, Design Technology, English","In my free time I enjoy choosing colours and typography, improving user experience, turning feedback into better designs, testing interfaces, creativity",UI/UX Designer
Student_0802,"History, Politics, Social Studies","I like looking at both sides of a situation, speaking confidently, building strong arguments, writing",Lawyer
Student_0181,"English, Health Science, Agriculture, Biology, Politics","In my free time I enjoy explaining animal care, caring for animals, staying gentle and calm, learning about animal behaviour, careful observation",Veterinarian
Student_0985,"Mostly PE, Health Science, Art","I usually like training teams, giving clear feedback, helping people improve fitness, motivating players, watching performance closely, teamwork, watching documentaries, problem solving",Sports Coach
Student_0414,"My favourite subjects are Engineering, Mathematics","I usually like working with circuits, coding sensors, testing robots, problem solving, working with classmates",Robotics Engineer
Student_0880,"Digital Technology, English Literature, Business Studies, Media Studies","I am interested in checking engagement data, understanding social media trends, testing what audience likes, designing posts, promoting events, communication, joining school activities",Digital Marketer
Student_0952,"I enjoy English, Economics, Psychology, Business","I like organising interviews, making fair decisions, keeping records organised, solving workplace issues, helping teams work better, planning, solving challenges",Human Resources Manager
Student_0367,"I like learning Computing, Economics, Maths, Design Technology","I enjoy explaining results simply, cleaning messy data, turning data into decisions, research",Data Analyst
Student_1038,"English, Geography, Social Studies","I enjoy planning travel experiences, promoting destinations, working with people from different places, communication, asking questions",Tourism Manager
Student_0734,"Design Technology, Physics","In my free time I enjoy choosing angles, noticing small visual details, making people feel comfortable on camera, capturing events, projects",Photographer
Student_0643,"I like learning Art, Media Studies, English Literature, Physics","I usually like using creative software, bringing characters to life, creating short animations, storytelling",Animator
Student_0967,"Food Technology, Business Studies, Chemistry, Health Science","I usually like decorating food, planning menus, making meals people enjoy, creating recipes, teamwork",Chef
Student_0599,"Physics, Mathematics, Engineering","working with electricity and sustainability, researching wind and water power, designing clean energy systems, experiments",Renewable Energy Engineer
Student_0171,"I like learning Chemistry, Biology, Agriculture","I am interested in caring for animals, solving health problems for animals, helping injured pets, science experiments",Veterinarian
Student_0040,"I enjoy English, Health Science","I enjoy comforting people when they are nervous, checking on others, caring for people, responsibility, learning new tools",Nurse
Student_0862,"My favourite subjects are English, Digital Technology","In my free time I enjoy starting small projects, turning problems into opportunities, promoting products, solving customer problems, taking smart risks, problem solving",Entrepreneur
Student_0432,"My favourite subjects are Design Technology, Maths, Physics","I enjoy making devices respond to movement, fixing mechanical problems, testing robots, designing automated systems, technology",Robotics Engineer
Student_0250,"My favourite subjects are Biology, Statistics, Maths, Chemistry","I enjoy connecting science to investigations, testing fingerprints, using lab techniques, data",Forensic Scientist
Student_0568,"Geography, Physics, Design Technology","I enjoy making models, drawing building designs, designing rooms people enjoy, planning, making things better",Architect
Student_0431,"Mathematics, Design Technology","I am interested in fixing mechanical problems, making devices respond to movement, building moving machines, designing automated systems, coding sensors, hands-on projects",Robotics Engineer
Student_0058,"I like learning English Literature, Biology, Health Science","organising information, mixing and measuring accurately, checking details carefully, health topics",Pharmacist
Student_0462,"I enjoy Psychology, Art, English Literature","I usually like choosing colours and typography, improving user experience, sketching layouts, turning feedback into better designs, testing interfaces, creativity, doing group projects",UI/UX Designer
Student_1056,"I enjoy Geography, English Literature, Media Studies","solving customer problems, creating fun itineraries, organising bookings, communication",Tourism Manager
Student_0913,"I like learning English, History, Biology","In my free time I enjoy listening without judging, understanding family and community issues, helping people feel safe, standing up for fairness, people skills, asking questions, experiments",Social Worker
Student_0818,"I like learning Maths, Education, Psychology","I like being patient with questions, communicating clearly, explaining hard topics simply, helping classmates learn, people skills",Teacher
Student_0233,"I enjoy Chemistry, Environmental Science, Geography, Mathematics","working outdoors near water, protecting coral reefs, watching documentaries about the sea, researching ecosystems, nature, technology",Marine Biologist
Student_0306,"Mostly Digital Technology, English Literature, Design Technology","I usually like turning ideas into software, solving bugs, learning programming languages, creativity",Software Developer
Student_0498,"My favourite subjects are Design Technology, Mathematics, Engineering, Geography","I like improving roads and spaces, thinking about safe buildings, building models, design",Civil Engineer
Student_0760,"Mostly Art, Textiles, Design Technology, Business","planning colour combinations, turning ideas into clothes, choosing fabrics, creating wearable designs, business, doing group projects",Fashion Designer
Student_0082,"Health Science, PE","I like explaining body movement, planning exercise routines, solving mobility problems, teamwork",Physiotherapist
Student_0525,"Mostly Design Technology, Computer Science","I usually like understanding how machines work, building practical devices, using tools, designing moving parts, improving performance, maths, solving challenges",Mechanical Engineer
Student_0948,"English Literature, Social Studies, Economics","In my free time I enjoy planning staff activities, keeping records organised, solving workplace issues, helping teams work better, communication",Human Resources Manager
Student_0445,"I like learning Computing, Business Studies, Maths, Health Science","I am interested in keeping devices connected, testing network speed, solving technical issues, organising systems, setting up connections, careful planning",Network Engineer
Student_0657,"My favourite subjects are Drama, Art","I usually like cutting videos, adding effects, choosing music for scenes, technology, listening skills",Film Editor
Student_0427,"My favourite subjects are Physics, Engineering, Maths, Computing, Health Science","coding sensors, working with circuits, fixing mechanical problems, building moving machines, experiments",Robotics Engineer
Student_0940,"Economics, Business Studies, English","I like planning staff activities, organising interviews, communicating with different people, understanding motivation, leadership",Human Resources Manager
Student_1058,"My favourite subjects are Agriculture, Chemistry","using technology outdoors, protecting land while growing food, working with sensors and data, learning about crops, improving farming methods, data",Agriculture Technologist
Student_0178,"I enjoy Chemistry, Health Science, English Literature","In my free time I enjoy solving health problems for animals, staying gentle and calm, working outdoors sometimes, learning about animal behaviour, nature",Veterinarian
Student_1051,"English Literature, Social Studies, Geography, Art","I enjoy promoting destinations, working with people from different places, solving customer problems, creating fun itineraries, communication",Tourism Manager
Student_0495,"I like learning Geography, Design Technology, Engineering, Maths","I enjoy solving construction problems, improving roads and spaces, thinking about safe buildings, designing bridges, hands-on projects",Civil Engineer
Student_0801,"I enjoy Politics, Business Studies, History, Social Studies","I enjoy solving disputes fairly, building strong arguments, looking at both sides of a situation, researching cases, speaking confidently, problem solving, research",Lawyer
Student_0372,"My favourite subjects are Economics, Business, Mathematics","I usually like comparing survey answers, using spreadsheets, spotting trends, finding patterns in numbers, cleaning messy data, presenting information",Data Analyst
Student_0638,"Mostly Design Technology, Art, Media Studies","I usually like creating short animations, bringing characters to life, using creative software, storytelling",Animator
Student_1013,"I enjoy Geography, Maths, Computer Science","I am interested in following checklists, reading maps, staying calm under pressure, making quick but careful decisions, paying attention to instruments, responsibility",Pilot
Student_1007,"Health Science, Physical Education","I am interested in planning drills, helping people improve fitness, watching performance closely, motivating players, leadership",Sports Coach
Student_0273,"I enjoy Food Technology, Biology","I am interested in understanding nutrition labels, checking hygiene standards, mixing ingredients accurately, problem solving, science experiments",Food Technologist
Student_0444,"Mostly Business Studies, Physics, Computing, Digital Technology","I am interested in fixing internet problems, testing network speed, solving technical issues, understanding routers, organising systems, problem solving",Network Engineer
Student_0957,"English Literature, Social Studies, Psychology","I usually like keeping records organised, making fair decisions, solving workplace issues, responsibility, watching documentaries",Human Resources Manager
Student_0103,"Psychology, English, Art","I enjoy listening to people's problems, asking thoughtful questions, reading about emotions, explaining ideas with empathy, researching mental health, communication",Psychologist
Student_0212,"Geography, Maths, Statistics","I like testing water quality, protecting the environment, researching ecosystems, collecting field data, science experiments",Environmental Scientist
Student_0217,"I enjoy Maths, Biology, Chemistry, Geography, Psychology","In my free time I enjoy studying fish behaviour, researching ecosystems, watching documentaries about the sea, working outdoors near water, research, joining school activities, creativity",Marine Biologist
Student_0522,"I enjoy Design Technology, Engineering, Digital Technology, Maths","I am interested in designing moving parts, using tools, fixing engines, testing prototypes, experiments",Mechanical Engineer
Student_0946,"I enjoy Social Studies, English, Economics","I usually like helping teams work better, making fair decisions, solving workplace issues, understanding motivation, leadership",Human Resources Manager
Student_0081,"Health Science, Psychology, PE, English Literature","In my free time I enjoy solving mobility problems, learning about muscles and movement, being active and patient, encouraging people to keep practising, sports, health topics",Physiotherapist
Student_0435,"Mostly Business Studies, Digital Technology, Computer Science","I like fixing internet problems, setting up connections, understanding routers, keeping devices connected, problem solving",Network Engineer
Student_0023,"Psychology, Health Science, Chemistry","understanding symptoms, reading about diseases, learning how the human body works, problem solving",Doctor
Student_0772,"I enjoy Accounting, Maths","I like finding mistakes in calculations, checking numbers carefully, tracking expenses, organising financial records, planning budgets, maths",Accountant
Student_0339,"Mostly English Literature, Maths, Computer Science","I am interested in learning about passwords and networks, checking suspicious links, finding security weaknesses, solving online mysteries, keeping systems safe, problem solving",Cybersecurity Analyst
Student_0504,"Mostly Geography, Physics","I am interested in designing bridges, solving construction problems, improving roads and spaces, thinking about safe buildings, working with measurements, planning",Civil Engineer
Student_0231,"My favourite subjects are Maths, Geography, Biology","I like understanding marine conservation, studying fish behaviour, working outdoors near water, nature",Marine Biologist
Student_0253,"Mostly Chemistry, Biology, Physics","In my free time I enjoy testing fingerprints, analysing samples, recording facts carefully, connecting science to investigations, problem solving",Forensic Scientist
Student_0441,"Mostly Digital Technology, Computing, Maths, Business Studies","I enjoy learning how data travels, testing network speed, organising systems, solving technical issues, careful planning, data",Network Engineer
Student_1048,"Mostly Business, English Literature","organising bookings, planning travel experiences, welcoming visitors, people skills, joining school activities",Tourism Manager
Student_0280,"I like learning Business, Chemistry, Biology, Maths","solving shelf life problems, creating new recipes safely, combining science with food ideas, checking hygiene standards, science experiments, helping friends",Food Technologist
Student_0135,"My favourite subjects are Chemistry, Health Science","I usually like investigating how cells work, working in a lab, running experiments carefully, finding causes of disease, testing samples, science experiments",Biomedical Scientist
Student_0102,"I like learning Psychology, English, Biology, Health Science","understanding why people behave differently, reading about emotions, noticing patterns in behaviour, listening to people's problems, writing, making things better",Psychologist
Student_0766,"My favourite subjects are Media Studies, Business Studies, Textiles","I enjoy making patterns, following style trends, choosing fabrics, planning colour combinations, turning ideas into clothes, drawing",Fashion Designer
Student_0827,"English Literature, Social Studies, Education","I like communicating clearly, planning activities, organising group work, communication, asking questions",Teacher
Student_0924,"My favourite subjects are History, English, Psychology, Social Studies","I enjoy supporting people through problems, standing up for fairness, helping people feel safe, listening without judging, helping people",Social Worker
Student_0857,"My favourite subjects are Economics, Digital Technology, Business, English Literature","I like planning a business, promoting products, starting small projects, selling ideas, creativity, problem solving",Entrepreneur
Student_0645,"I like learning Media Studies, Design Technology","I am interested in thinking about timing and movement, drawing storyboards, using creative software, bringing characters to life, designing visual stories, projects, joining school activities",Animator
Student_0225,My favourite subjects are Geography,"I enjoy protecting coral reefs, researching ecosystems, watching documentaries about the sea, collecting water samples, science experiments, maths",Marine Biologist
Student_0793,"English Literature, Social Studies, Politics, Business Studies, Geography","I enjoy reading rules carefully, debating ideas, explaining rights, looking at both sides of a situation, speaking confidently, writing, doing group projects, research",Lawyer
Student_0281,"Mostly Food Technology, Maths, Biology","I like solving shelf life problems, improving food packaging, creating new recipes safely, testing food quality, detail work, creativity",Food Technologist
Student_0455,"My favourite subjects are Digital Technology, Maths","In my free time I enjoy understanding routers, organising systems, testing network speed, setting up connections, problem solving",Network Engineer
Student_0215,"I enjoy Biology, Statistics","I enjoy researching ecosystems, protecting the environment, testing water quality, problem solving",Environmental Scientist
Student_0648,"I like learning Art, Computing","I like thinking about timing and movement, designing visual stories, drawing storyboards, storytelling",Animator
Student_1006,"I enjoy English Literature, Psychology, PE","I enjoy planning drills, studying game strategy, watching performance closely, giving clear feedback, motivating players, sports",Sports Coach
Student_0937,"I like learning Business, Social Studies, Economics, English, Music","I am interested in organising interviews, communicating with different people, keeping records organised, planning, making things better, problem solving",Human Resources Manager
Student_0206,"I like learning Geography, Chemistry, Statistics, Biology","collecting field data, solving sustainability problems, protecting the environment, working with maps, studying pollution, data",Environmental Scientist
Student_0089,"My favourite subjects are Biology, Psychology, English Literature, PE","watching sports techniques, helping people recover from injuries, encouraging people to keep practising, explaining body movement, planning exercise routines, health topics, detail work",Physiotherapist
Student_0901,"Mostly Art, English Literature, Mathematics, Physics","I enjoy organising events, planning schedules, solving last minute problems, making experiences feel exciting, decorating spaces, communication",Event Planner
Student_0456,"Maths, Business Studies, Physics, Computer Science","learning how data travels, solving technical issues, understanding routers, testing network speed, troubleshooting",Network Engineer
Student_0731,"I like learning Design Technology, Art","I am interested in making people feel comfortable on camera, telling stories through pictures, editing images, taking creative photos, creativity, working with classmates",Photographer
Student_0254,"Mostly Physics, Mathematics, Statistics, Biology","I usually like analysing samples, solving mysteries with evidence, noticing tiny details, research",Forensic Scientist
Student_0403,"I enjoy Computing, Maths, Physics, Psychology","thinking about player experience, fixing game bugs, building fun mechanics, testing gameplay, problem solving",Game Developer
Student_0369,"Mostly Business Studies, Economics, Statistics, Mathematics","In my free time I enjoy finding patterns in numbers, using spreadsheets, comparing survey answers, maths, research",Data Analyst
Student_0345,"My favourite subjects are Digital Technology, English Literature, Physics","I enjoy keeping systems safe, thinking like an attacker ethically, protecting accounts, learning about passwords and networks, technology",Cybersecurity Analyst
Student_0888,"My favourite subjects are Art, Computer Science, Business","I enjoy testing what audience likes, designing posts, checking engagement data, promoting events, business",Digital Marketer
Student_1015,"I enjoy Physics, English, Maths, Geography, Mathematics","I usually like making quick but careful decisions, staying calm under pressure, following checklists, reading maps, maths",Pilot
Student_0496,"My favourite subjects are Geography, Engineering, Physics, Design Technology","In my free time I enjoy building models, thinking about safe buildings, working with measurements, designing bridges, maths, organising notes",Civil Engineer
Student_0240,"My favourite subjects are Geography, Biology, Maths","studying fish behaviour, working outdoors near water, researching ecosystems, watching documentaries about the sea, science experiments",Marine Biologist
Student_1011,"I enjoy English, Computer Science, Mathematics","I am interested in using flight simulations, making quick but careful decisions, following checklists, problem solving",Pilot
Student_0898,"Mostly Art, Media Studies, Business","I like working with groups, decorating spaces, making experiences feel exciting, organising events, communication",Event Planner
Student_0996,"I enjoy English, PE, Biology","studying game strategy, planning drills, giving clear feedback, building confidence through practice, helping people improve fitness, teamwork",Sports Coach
Student_0951,"My favourite subjects are Social Studies, Economics, Business Studies, Psychology","keeping records organised, making fair decisions, understanding motivation, solving workplace issues, planning",Human Resources Manager
Student_0507,"I enjoy Maths, Design Technology, Engineering, Computer Science","I enjoy using tools, solving mechanical problems, improving performance, understanding how machines work, experiments",Mechanical Engineer
Student_0443,"I like learning Physics, Mathematics, Digital Technology","I like solving technical issues, understanding routers, keeping devices connected, organising systems, technology, helping friends",Network Engineer
Student_0573,"I enjoy Physics, Geography, Design Technology, Art","In my free time I enjoy combining creativity with measurements, designing rooms people enjoy, solving space problems, making models, creativity, working with classmates",Architect
Student_0005,"I like learning Maths, Health Science","I am interested in reading about diseases, solving health problems, understanding symptoms, explaining health advice clearly, science experiments",Doctor
Student_0448,"I like learning Business, Digital Technology, Maths","I like testing network speed, solving technical issues, fixing internet problems, technology, learning new tools",Network Engineer
Student_0609,"My favourite subjects are Design Technology, Art, Media Studies","I enjoy turning messages into designs, communicating ideas visually, choosing colours, editing images, technology",Graphic Designer
Student_0872,"I enjoy Business, Computer Science, English Literature, Art","I usually like checking engagement data, understanding social media trends, combining creativity with analytics, designing posts, making online campaigns, creativity",Digital Marketer
Student_0844,"English Literature, Business Studies, Digital Technology, Maths","I like making decisions quickly, selling ideas, promoting products, planning a business, turning problems into opportunities, communication",Entrepreneur
Student_0361,"I like learning Digital Technology, Statistics, Business Studies, Health Science","In my free time I enjoy making charts, explaining results simply, comparing survey answers, using spreadsheets, presenting information, asking questions, data",Data Analyst
Student_0187,"Mostly Health Science, Biology, Chemistry, English Literature, Mathematics","I am interested in learning about animal behaviour, helping injured pets, staying gentle and calm, solving health problems for animals, biology",Veterinarian
Student_0713,"I enjoy English Literature, Politics, History, Social Studies","In my free time I enjoy telling real stories clearly, interviewing people, taking notes quickly, asking good questions, explaining news simply, research, technology",Journalist
Student_0037,"Chemistry, Biology, Psychology, Health Science, Drama","In my free time I enjoy being patient and practical, checking on others, staying organised during busy tasks, comforting people when they are nervous, helping people",Nurse
Student_0285,"I enjoy Biology, Business, Food Technology, Chemistry","I usually like improving food packaging, testing food quality, understanding nutrition labels, solving shelf life problems, creating new recipes safely, science experiments, trying creative ideas",Food Technologist
Student_0106,"My favourite subjects are Biology, Psychology, English Literature","I enjoy reading about emotions, asking thoughtful questions, listening to people's problems, understanding why people behave differently, noticing patterns in behaviour, communication",Psychologist
Student_0508,"My favourite subjects are Maths, Engineering, Physics","I like testing prototypes, using tools, understanding how machines work, solving mechanical problems, problem solving",Mechanical Engineer
Student_0114,"My favourite subjects are English, Statistics, Biology","In my free time I enjoy explaining ideas with empathy, understanding why people behave differently, reading about emotions, helping friends think through choices, careful observation",Psychologist
Student_1045,"Business Studies, Social Studies, Media Studies, Chemistry","solving customer problems, creating fun itineraries, promoting destinations, learning about cultures, planning",Tourism Manager
Student_0579,"Maths, Physics, Engineering","I am interested in testing efficient technology, improving energy use, researching wind and water power, designing clean energy systems, environment",Renewable Energy Engineer
Student_0540,"I like learning Maths, Design Technology, Engineering","I usually like building small devices, working with circuits, testing electronics, making technology reliable, measuring signals, experiments",Electrical Engineer
Student_0805,"I enjoy Social Studies, English Literature, Business, Design Technology","reading rules carefully, debating ideas, building strong arguments, looking at both sides of a situation, solving disputes fairly, writing",Lawyer
Student_0357,"I like learning Digital Technology, Physics, Maths","I am interested in following digital clues, thinking like an attacker ethically, checking suspicious links, keeping systems safe, research, organising notes",Cybersecurity Analyst
Student_0386,"I enjoy Design Technology, Computing","In my free time I enjoy designing game levels, building fun mechanics, coding interactive challenges, fixing game bugs, thinking about player experience, creativity",Game Developer
Student_0715,"I enjoy Politics, History, English, Social Studies, Biology","I usually like checking facts, asking good questions, explaining news simply, taking notes quickly, research",Journalist
Student_0644,"Mostly Media Studies, Computing","In my free time I enjoy bringing characters to life, using creative software, designing visual stories, drawing",Animator
Student_0334,"I enjoy Data Science, Statistics","I usually like experimenting with data, understanding patterns in data, testing predictions, training models, coding",AI Engineer
Student_0593,"Physics, Geography, Maths, Engineering","I like improving energy use, building practical solutions for the future, designing clean energy systems, testing efficient technology, working with electricity and sustainability, environment, research",Renewable Energy Engineer
Student_0936,"I enjoy History, English Literature, Health Science","I enjoy standing up for fairness, connecting people with help, supporting people through problems, helping people feel safe, people skills",Social Worker
Student_0612,"I enjoy English, Computer Science, Design Technology","In my free time I enjoy creating posters, designing logos, communicating ideas visually, making social media graphics, creativity",Graphic Designer
Student_1005,"I like learning Biology, Health Science, Psychology","I usually like watching performance closely, training teams, building confidence through practice, planning drills, motivating players, teamwork, making things better",Sports Coach
Student_0523,"My favourite subjects are Maths, Engineering, Statistics","I usually like fixing engines, using tools, testing prototypes, understanding how machines work, maths",Mechanical Engineer
Student_0783,"I like learning Business Studies, Statistics, Accounting, Economics","I enjoy working with spreadsheets, planning budgets, checking numbers carefully, finding mistakes in calculations, detail work",Accountant
Student_0556,"I enjoy Physics, Mathematics, Geography","I usually like planning spaces, solving space problems, sketching structures, design",Architect
Student_0727,"My favourite subjects are Art, Design Technology, Media Studies, Physics, Biology","editing images, capturing events, choosing angles, working with lighting, communication",Photographer
Student_0935,"My favourite subjects are Social Studies, History","being patient during hard conversations, listening without judging, helping people feel safe, working with different groups, people skills",Social Worker
Student_1052,"I like learning Geography, Business","I usually like welcoming visitors, creating fun itineraries, organising bookings, learning about cultures, communication",Tourism Manager
Student_0166,"I like learning Chemistry, Biology, Maths, Art","I usually like fixing practical problems, learning about teeth and health, helping people feel confident, science",Dentist
Student_0592,"I like learning Mathematics, Geography, Physics","researching wind and water power, improving energy use, solving climate problems, testing efficient technology, working with electricity and sustainability, problem solving, trying creative ideas",Renewable Energy Engineer
Student_0015,"Mostly Health Science, Mathematics, English, Chemistry","I enjoy understanding symptoms, working carefully under pressure, explaining health advice clearly, reading about diseases, talking to people",Doctor
Student_0954,"I like learning English Literature, Economics, Psychology","In my free time I enjoy helping teams work better, organising interviews, understanding motivation, solving workplace issues, keeping records organised, leadership",Human Resources Manager
Student_0642,"Mostly Art, English, Design Technology, Digital Technology","I enjoy drawing storyboards, bringing characters to life, thinking about timing and movement, designing visual stories, editing motion, technology",Animator
Student_0017,"My favourite subjects are Maths, Biology, Chemistry","I enjoy working carefully under pressure, solving health problems, learning how the human body works, staying calm in emergencies, careful observation, science experiments",Doctor
Student_0409,"Mostly Physics, Digital Technology, Mathematics, Engineering, Biology","I usually like testing robots, making devices respond to movement, combining hardware and software, technology, organising notes, responsibility",Robotics Engineer
Student_0013,"Chemistry, Psychology, English","learning how the human body works, helping people feel better, explaining health advice clearly, reading about diseases, teamwork",Doctor
Student_0007,"I like learning Chemistry, English","I like working carefully under pressure, understanding symptoms, solving health problems, explaining health advice clearly, staying calm in emergencies, talking to people",Doctor
Student_0687,"Mostly Physics, Computer Science, Business Studies","I am interested in mixing beats, learning music software, creating melodies, creativity",Music Producer
Student_0483,"My favourite subjects are Mathematics, Design Technology, Engineering","I am interested in improving roads and spaces, designing bridges, planning strong structures, thinking about safe buildings, reading maps and plans, hands-on projects",Civil Engineer
Student_0953,"Mostly English Literature, Economics, Social Studies","I usually like making fair decisions, understanding motivation, helping teams work better, organising interviews, communication, people skills",Human Resources Manager
Student_0618,"I like learning English Literature, Art, Digital Technology","I like turning messages into designs, choosing colours, making social media graphics, editing images, technology",Graphic Designer
Student_0157,"My favourite subjects are Biology, Art, Health Science, Chemistry","I like using steady hands, helping people feel confident, explaining hygiene habits, fixing practical problems, detail work",Dentist
Student_0853,"I enjoy Business Studies, Economics, Digital Technology, Art","In my free time I enjoy making decisions quickly, promoting products, turning problems into opportunities, leadership",Entrepreneur
Student_0635,"My favourite subjects are Media Studies, Computer Science, English, Design Technology","In my free time I enjoy editing motion, making scenes feel expressive, thinking about timing and movement, bringing characters to life, drawing, doing group projects",Animator
Student_0172,"Health Science, Agriculture, Chemistry","solving health problems for animals, caring for animals, helping injured pets, helping people",Veterinarian
Student_1073,"I like learning Agriculture, Chemistry, Environmental Science","I usually like testing soil, protecting land while growing food, using technology outdoors, science experiments, presenting information",Agriculture Technologist
Student_0663,"I like learning English, Media Studies","making dramatic moments land, telling stories through clips, cutting videos, creativity",Film Editor
Student_0104,"I enjoy Health Science, Statistics, Social Studies, Psychology","I usually like helping friends think through choices, noticing patterns in behaviour, understanding why people behave differently, explaining ideas with empathy, people skills",Psychologist
Student_0975,"My favourite subjects are Art, Chemistry","I like decorating food, making meals people enjoy, planning menus, health topics",Chef
Student_0468,"My favourite subjects are Design Technology, Computer Science, Psychology","I usually like sketching layouts, making buttons easy to understand, improving user experience, creativity",UI/UX Designer
Student_1031,"I like learning English Literature, Mathematics, Geography","I usually like making quick but careful decisions, understanding weather, paying attention to instruments, staying calm under pressure, following checklists, responsibility",Pilot
Student_0033,"I enjoy Chemistry, Biology, Psychology, Health Science","I am interested in staying organised during busy tasks, working in a team, helping patients understand what is happening, caring for people, health topics, technology",Nurse
Student_0636,"I enjoy Design Technology, English Literature","I enjoy drawing storyboards, using creative software, creating short animations, making scenes feel expressive, thinking about timing and movement, projects",Animator
Student_0201,"I like learning Mathematics, Geography","In my free time I enjoy collecting field data, researching ecosystems, testing water quality, solving sustainability problems, science experiments, communication",Environmental Scientist
Student_0304,"I like learning English Literature, Computer Science, Physics","I enjoy thinking logically, making tools for friends, turning ideas into software, creativity, presenting ideas",Software Developer
Student_0651,"I like learning English, Digital Technology, Art","I enjoy adding effects, choosing music for scenes, making dramatic moments land, communication",Film Editor
Student_0583,"I like learning Engineering, Maths, Geography, English","I usually like building practical solutions for the future, testing efficient technology, working with electricity and sustainability, environment",Renewable Energy Engineer
Student_0001,"I like learning Biology, Health Science","explaining health advice clearly, helping people feel better, working carefully under pressure, science experiments, joining school activities, presenting information",Doctor
Student_0360,"Mostly Computing, English Literature, Physics, Digital Technology","solving online mysteries, learning about passwords and networks, thinking like an attacker ethically, problem solving",Cybersecurity Analyst
Student_0454,"My favourite subjects are Business Studies, Digital Technology, Mathematics","I enjoy setting up connections, keeping devices connected, fixing internet problems, problem solving",Network Engineer
Student_0411,"Mathematics, Design Technology","I enjoy testing robots, designing automated systems, combining hardware and software, problem solving",Robotics Engineer
Student_0312,"I like learning Physics, English Literature, Mathematics","I am interested in building websites, solving bugs, making tools for friends, learning programming languages, turning ideas into software, projects",Software Developer
Student_0469,"Mostly Design Technology, Art, Computer Science, English Literature, Media Studies","I am interested in thinking about how users feel, choosing colours and typography, making buttons easy to understand, testing interfaces, communication",UI/UX Designer
Student_0961,"My favourite subjects are Chemistry, Art, Business, Health Science, Design Technology","decorating food, working quickly in a team, planning menus, making meals people enjoy, teamwork, learning new tools, planning",Chef
Student_0492,"My favourite subjects are Geography, Design Technology","I usually like designing bridges, improving roads and spaces, working with measurements, thinking about safe buildings, planning",Civil Engineer
Student_0160,"I enjoy Health Science, Biology, Maths, Chemistry","I usually like learning about teeth and health, being precise with tools, fixing practical problems, using steady hands, health topics, helping friends",Dentist
Student_0467,"Mostly Digital Technology, Art, Psychology, Design Technology","I usually like choosing colours and typography, testing interfaces, designing clean app screens, sketching layouts, turning feedback into better designs, technology, watching documentaries",UI/UX Designer
Student_0077,"My favourite subjects are Health Science, PE","I enjoy learning about muscles and movement, solving mobility problems, helping people recover from injuries, being active and patient, sports",Physiotherapist
Student_0278,"My favourite subjects are Food Technology, Business Studies, Chemistry","I enjoy checking hygiene standards, mixing ingredients accurately, combining science with food ideas, science experiments",Food Technologist
Student_0205,"Chemistry, Geography, Statistics, Mathematics","I enjoy testing water quality, solving sustainability problems, collecting field data, protecting the environment, science experiments",Environmental Scientist
Student_0392,"My favourite subjects are Design Technology, Art, Computer Science, Physics","In my free time I enjoy testing gameplay, fixing game bugs, thinking about player experience, drawing",Game Developer
Student_0527,"My favourite subjects are Engineering, Maths, Digital Technology, Design Technology","I usually like designing moving parts, solving mechanical problems, understanding how machines work, technology",Mechanical Engineer
Student_0934,"History, Psychology, Social Studies, Health Science","being patient during hard conversations, standing up for fairness, working with different groups, helping people feel safe, supporting people through problems, communication",Social Worker
Student_0062,"Mostly Health Science, Chemistry, English Literature","I am interested in reading medicine labels, understanding how medicines work, mixing and measuring accurately, careful reading",Pharmacist
Student_0173,"Agriculture, English, Chemistry","I like solving health problems for animals, caring for animals, understanding diseases in animals, staying gentle and calm, careful observation",Veterinarian
Student_0707,"Politics, English Literature, Media Studies, Social Studies","I like asking good questions, writing stories, telling real stories clearly, communication, learning new tools",Journalist
Student_0449,"I like learning Physics, Business Studies, Mathematics","I am interested in organising systems, solving technical issues, fixing internet problems, keeping devices connected, troubleshooting, helping people",Network Engineer
Student_0817,"Mostly Education, English, Psychology, Social Studies","helping classmates learn, planning activities, communicating clearly, creativity, making things better, drawing",Teacher
Student_0902,"Mostly English, Mathematics, Art","I usually like working with groups, organising events, solving last minute problems, keeping people on track, leadership",Event Planner
Student_1017,"English, Maths, Computing","I usually like following checklists, paying attention to instruments, staying calm under pressure, reading maps, careful observation, research",Pilot
Student_0582,"My favourite subjects are Geography, Environmental Science, Physics","building practical solutions for the future, designing clean energy systems, improving energy use, working with electricity and sustainability, experiments, learning new tools",Renewable Energy Engineer
Student_0632,"My favourite subjects are Art, English, Media Studies","I enjoy using creative software, bringing characters to life, creating short animations, making scenes feel expressive, drawing",Animator
Student_0324,"Mostly Maths, Computing","understanding patterns in data, experimenting with data, improving model accuracy, problem solving",AI Engineer
Student_0008,"I like learning English, Maths, Health Science, Biology","solving health problems, reading about diseases, understanding symptoms, careful observation",Doctor
Student_0398,"Mostly Computer Science, Art, Design Technology","In my free time I enjoy building fun mechanics, testing gameplay, creating characters, balancing difficulty, coding interactive challenges, technology",Game Developer
Student_0616,"Mostly English Literature, Art, Design Technology","I like choosing colours, turning messages into designs, making social media graphics, experimenting with layouts, creativity, organising notes",Graphic Designer
Student_0889,"Mostly Business, Mathematics, English, Psychology","I usually like decorating spaces, working with groups, planning schedules, managing budgets, leadership, learning new tools, problem solving",Event Planner
Student_0401,"My favourite subjects are Computer Science, Design Technology","I enjoy coding interactive challenges, fixing game bugs, creating characters, problem solving, logic puzzles",Game Developer
Student_0194,"Biology, Statistics, Geography","I like studying pollution, working with maps, collecting field data, solving sustainability problems, researching ecosystems, data",Environmental Scientist
Student_0465,"I like learning English Literature, Computing","designing clean app screens, choosing colours and typography, thinking about how users feel, improving user experience, technology, responsibility",UI/UX Designer
Student_0196,"I like learning Biology, Environmental Science, Statistics, Geography","I am interested in testing water quality, learning about climate change, researching ecosystems, problem solving",Environmental Scientist
Student_0332,"I like learning Statistics, Computer Science, Physics, Data Science","I am interested in experimenting with data, learning about machine learning, understanding patterns in data, training models, coding",AI Engineer
Student_0528,"I enjoy Computer Science, Physics","building practical devices, using tools, understanding how machines work, solving mechanical problems, technology",Mechanical Engineer
Student_0137,"Chemistry, Biology, Mathematics","I enjoy comparing data from tests, investigating how cells work, using microscopes, recording scientific results, careful observation, science",Biomedical Scientist
Student_0314,"Mostly Computing, Mathematics","I like working with algorithms, understanding patterns in data, building smart tools, improving model accuracy, research",AI Engineer
Student_0501,"I enjoy Physics, Geography","I enjoy reading maps and plans, improving roads and spaces, building models, solving construction problems, working with measurements, hands-on projects, presenting ideas",Civil Engineer
Student_0279,"Biology, Mathematics, Food Technology","I usually like mixing ingredients accurately, creating new recipes safely, testing food quality, checking hygiene standards, problem solving",Food Technologist
Student_0184,"Chemistry, English Literature, Biology","I am interested in solving health problems for animals, learning about animal behaviour, working outdoors sometimes, helping injured pets, understanding diseases in animals, helping people, making things better",Veterinarian
Student_0752,"My favourite subjects are Design Technology, Art","I usually like mixing creativity with branding, choosing fabrics, following style trends, sketching outfits, design",Fashion Designer
Student_0208,"Biology, Environmental Science, Statistics","I usually like learning about climate change, studying pollution, solving sustainability problems, research, watching documentaries",Environmental Scientist
Student_0850,"My favourite subjects are Digital Technology, Business, Maths","I am interested in starting small projects, promoting products, making decisions quickly, taking smart risks, selling ideas, creativity",Entrepreneur
Student_0451,"Mathematics, Digital Technology, Computer Science, Chemistry","understanding routers, fixing internet problems, solving technical issues, setting up connections, systems",Network Engineer
Student_0963,"I enjoy Business Studies, Art, Food Technology, Chemistry","I enjoy testing flavours, decorating food, creating recipes, creativity",Chef
Student_0497,"I enjoy Physics, Geography, Design Technology","I usually like planning strong structures, building models, working with measurements, solving construction problems, improving roads and spaces, problem solving, science experiments",Civil Engineer
Student_1042,"Mostly Geography, English, Business","I am interested in creating fun itineraries, planning travel experiences, solving customer problems, promoting destinations, learning about cultures, business",Tourism Manager
Student_0313,"I like learning Statistics, Data Science, Mathematics, Computer Science","In my free time I enjoy understanding patterns in data, working with algorithms, experimenting with data, improving model accuracy, problem solving, solving challenges, health topics",AI Engineer
Student_0373,"I enjoy Statistics, Computer Science, Geography","I usually like comparing survey answers, using spreadsheets, turning data into decisions, presenting information",Data Analyst
Student_0358,"English Literature, Computing","I usually like learning about passwords and networks, thinking like an attacker ethically, following digital clues, careful observation",Cybersecurity Analyst
Student_0548,"I like learning Design Technology, Physics, Mathematics, Engineering","I enjoy working with circuits, fixing electrical problems, designing control systems, technology",Electrical Engineer
Student_0562,"My favourite subjects are Design Technology, Mathematics","I enjoy designing rooms people enjoy, drawing building designs, combining creativity with measurements, design",Architect
Student_0177,"English Literature, Health Science, Agriculture, Biology","I enjoy learning about animal behaviour, staying gentle and calm, solving health problems for animals, helping injured pets, biology, problem solving",Veterinarian
Student_0002,"My favourite subjects are Psychology, English Literature, Maths","I enjoy solving health problems, reading about diseases, learning how the human body works, problem solving",Doctor
Student_0146,"I enjoy Biology, Art, Health Science","working carefully with small details, using steady hands, being precise with tools, helping people feel confident, communication",Dentist
Student_1023,"Geography, Physics, Computing","I enjoy making quick but careful decisions, learning about aircraft, staying calm under pressure, following checklists, maths",Pilot
Student_0335,"I enjoy Mathematics, Data Science, Statistics, Digital Technology","I enjoy understanding patterns in data, working with algorithms, improving model accuracy, learning about machine learning, coding",AI Engineer
Student_0071,"Mathematics, Chemistry, Biology","In my free time I enjoy mixing and measuring accurately, understanding how medicines work, organising information, helping people choose safe options, explaining instructions clearly, helping people",Pharmacist
Student_0333,"Mostly Physics, Statistics, Computer Science, Mathematics","I like experimenting with data, learning about machine learning, working with algorithms, training models, building smart tools, research, working with classmates",AI Engineer
Student_0125,"I like learning Chemistry, Biology","In my free time I enjoy running experiments carefully, comparing data from tests, working in a lab, investigating how cells work, research",Biomedical Scientist
Student_0186,"Chemistry, Health Science, English, Agriculture","I enjoy caring for animals, solving health problems for animals, explaining animal care, understanding diseases in animals, biology",Veterinarian
Student_0309,"Mostly Physics, Design Technology, English","I enjoy thinking logically, building websites, automating boring tasks, solving bugs, learning programming languages, logic puzzles, helping friends",Software Developer
Student_0167,"Mostly Maths, Biology, Art","I am interested in being precise with tools, combining science with careful design, learning about teeth and health, using steady hands, detail work",Dentist
Student_0113,"I enjoy Biology, Psychology, Health Science, Statistics","I am interested in researching mental health, explaining ideas with empathy, understanding why people behave differently, helping friends think through choices, careful observation, communication",Psychologist
Student_0723,"Mostly English, Design Technology","I am interested in telling stories through pictures, editing images, taking creative photos, making people feel comfortable on camera, capturing events, technology",Photographer
Student_0267,"I enjoy Business, Chemistry, Maths","I am interested in solving shelf life problems, checking hygiene standards, mixing ingredients accurately, combining science with food ideas, problem solving",Food Technologist
Student_0117,"I like learning English, Statistics, Health Science","I am interested in reading about emotions, researching mental health, explaining ideas with empathy, helping friends think through choices, careful observation, presenting ideas",Psychologist
Student_1079,"I like learning Agriculture, Environmental Science, Chemistry","I usually like learning about crops, working with sensors and data, protecting land while growing food, using technology outdoors, improving farming methods, nature",Agriculture Technologist
Student_1077,"I like learning Agriculture, Environmental Science","In my free time I enjoy learning about crops, using technology outdoors, improving farming methods, tracking plant growth, science experiments, doing group projects",Agriculture Technologist
Student_0111,"My favourite subjects are Health Science, English, Statistics","In my free time I enjoy researching mental health, reading about emotions, noticing patterns in behaviour, understanding why people behave differently, listening to people's problems, careful observation",Psychologist
Student_0654,"My favourite subjects are Drama, Art","In my free time I enjoy creating trailers and short films, making dramatic moments land, adding effects, fixing timing, technology, helping friends",Film Editor
Student_0227,"I enjoy Maths, Biology, Chemistry","I enjoy watching documentaries about the sea, learning about ocean life, collecting water samples, working outdoors near water, protecting coral reefs, nature, making things better",Marine Biologist
Student_0395,"I enjoy Art, Computing","I usually like testing gameplay, balancing difficulty, designing game levels, problem solving, helping friends",Game Developer
Student_1055,"Geography, Social Studies, Media Studies, English","In my free time I enjoy working with people from different places, organising bookings, learning about cultures, solving customer problems, welcoming visitors, communication",Tourism Manager
Student_0604,"I enjoy English Literature, Art, Design Technology","I enjoy turning messages into designs, communicating ideas visually, making social media graphics, drawing",Graphic Designer
Student_0700,"Mostly Media Studies, Politics, Social Studies","In my free time I enjoy explaining news simply, taking notes quickly, interviewing people, telling real stories clearly, asking good questions, storytelling",Journalist
Student_0061,"Mostly Maths, English Literature, Health Science, Biology, Art","I am interested in helping people choose safe options, understanding how medicines work, explaining instructions clearly, organising information, numbers",Pharmacist
Student_0328,"I enjoy Maths, Physics, Computer Science","I like building smart tools, working with algorithms, testing predictions, training models, maths, making things better",AI Engineer
Student_0786,"Statistics, Business Studies","I like organising financial records, planning budgets, working with spreadsheets, tracking expenses, detail work",Accountant
Student_0080,"Mostly Biology, PE, Psychology","I enjoy explaining body movement, helping people recover from injuries, solving mobility problems, being active and patient, learning about muscles and movement, teamwork",Physiotherapist
Student_0243,"I enjoy Biology, Physics, Maths, Chemistry","I usually like solving mysteries with evidence, connecting science to investigations, noticing tiny details, analysing samples, science experiments",Forensic Scientist
Student_0286,"I like learning Mathematics, Business Studies, Biology","I usually like mixing ingredients accurately, checking hygiene standards, solving shelf life problems, detail work",Food Technologist
Student_1009,"Mostly Computer Science, Geography, Physics, Mathematics","following checklists, understanding weather, using flight simulations, learning about aircraft, reading maps, technology, asking questions, leadership",Pilot
Student_0476,"I enjoy English Literature, Digital Technology, Psychology, Art","I like improving user experience, sketching layouts, choosing colours and typography, thinking about how users feel, communication",UI/UX Designer
Student_0447,"Physics, Digital Technology","I usually like organising systems, solving technical issues, testing network speed, problem solving",Network Engineer
Student_0029,"I enjoy Psychology, Chemistry","I like helping patients understand what is happening, caring for people, following health instructions, responsibility",Nurse
Student_0691,"I like learning Business, Physics, Music, Mathematics","editing audio, creating melodies, recording sounds, mixing beats, technology",Music Producer
Student_0289,"I like learning Computing, Design Technology, Physics, Psychology","I enjoy coding small apps, building websites, turning ideas into software, thinking logically, learning programming languages, technology, trying creative ideas, communication",Software Developer
Student_0939,"My favourite subjects are English Literature, Business, Psychology, Social Studies","I enjoy helping teams work better, planning staff activities, keeping records organised, communicating with different people, solving workplace issues, leadership",Human Resources Manager
Student_0900,"My favourite subjects are Mathematics, English, Art","I usually like making experiences feel exciting, keeping people on track, decorating spaces, planning",Event Planner
Student_1000,"I like learning English, Physical Education","I usually like helping people improve fitness, studying game strategy, motivating players, watching performance closely, communication, helping friends",Sports Coach
Student_0440,"Mostly Business Studies, Physics","I like setting up connections, testing network speed, understanding routers, organising systems, problem solving",Network Engineer
Student_0597,"Environmental Science, Mathematics, Geography","I am interested in learning about solar power, testing efficient technology, working with electricity and sustainability, building practical solutions for the future, environment, joining school activities",Renewable Energy Engineer
Student_0919,"Mostly History, Social Studies, Health Science, Computer Science","being patient during hard conversations, listening without judging, understanding family and community issues, working with different groups, helping people",Social Worker
Student_0487,"Mostly Design Technology, Geography, Engineering, Physics, Statistics","I enjoy thinking about safe buildings, working with measurements, planning strong structures, designing bridges, solving construction problems, design",Civil Engineer
Student_0613,"Design Technology, Art, English, Computer Science, Social Studies","I enjoy designing logos, communicating ideas visually, experimenting with layouts, editing images, choosing colours, creativity",Graphic Designer
Student_0502,"I enjoy Physics, Mathematics","In my free time I enjoy working with measurements, improving roads and spaces, thinking about safe buildings, problem solving",Civil Engineer
Student_0458,"My favourite subjects are Art, English, Design Technology, Psychology","I enjoy making buttons easy to understand, designing clean app screens, turning feedback into better designs, technology",UI/UX Designer
Student_0317,"My favourite subjects are Computer Science, Physics, Maths","I like building smart tools, experimenting with data, testing predictions, improving model accuracy, training models, coding",AI Engineer
Student_0580,"I enjoy Mathematics, Physics, Geography","I enjoy testing efficient technology, working with electricity and sustainability, building practical solutions for the future, improving energy use, technology",Renewable Energy Engineer
Student_0744,"I like learning Media Studies, English Literature, Design Technology, Physics","I like noticing small visual details, telling stories through pictures, capturing events, taking creative photos, choosing angles, technology",Photographer
Student_0257,"Maths, Biology, Chemistry, Statistics","In my free time I enjoy noticing tiny details, following clues logically, using lab techniques, data, drawing",Forensic Scientist
Student_0606,"Art, Media Studies, Digital Technology, English Literature","I like editing images, choosing colours, designing logos, creating posters, communicating ideas visually, creativity, presenting ideas",Graphic Designer
Student_0151,"I enjoy Biology, Chemistry, Digital Technology","I am interested in working carefully with small details, helping people feel confident, being precise with tools, combining science with careful design, science",Dentist
Student_0978,"My favourite subjects are Health Science, Art","In my free time I enjoy planning menus, testing flavours, creating recipes, health topics",Chef
Student_0598,"My favourite subjects are Maths, Environmental Science, Geography","working with electricity and sustainability, designing clean energy systems, testing efficient technology, technology",Renewable Energy Engineer
Student_0170,"I enjoy Health Science, English Literature, Biology","I am interested in caring for animals, explaining animal care, helping injured pets, working outdoors sometimes, solving health problems for animals, biology",Veterinarian
Student_0895,"Mostly Mathematics, Art, Business Studies, Media Studies, Geography","I usually like making experiences feel exciting, managing budgets, keeping people on track, organising events, decorating spaces, leadership",Event Planner
Student_0770,"I like learning Statistics, Business Studies, Accounting","I usually like organising financial records, working with spreadsheets, planning budgets, finding mistakes in calculations, responsibility",Accountant
Student_0292,"Digital Technology, English Literature, Design Technology","I usually like solving bugs, automating boring tasks, learning programming languages, projects",Software Developer
Student_0327,"My favourite subjects are Statistics, Computing, Physics, Mathematics","understanding patterns in data, working with algorithms, testing predictions, maths",AI Engineer
Student_0693,"Music, Media Studies, Physics, Computing","I enjoy creating melodies, balancing rhythm and mood, experimenting with sound effects, editing audio, creativity, helping friends",Music Producer
Student_0877,"Media Studies, English, Business, Statistics","I like promoting events, testing what audience likes, writing catchy captions, designing posts, combining creativity with analytics, creativity",Digital Marketer
Student_0188,"I like learning Chemistry, Health Science, Agriculture","I am interested in solving health problems for animals, caring for animals, learning about animal behaviour, working outdoors sometimes, science experiments",Veterinarian
Student_0746,"Media Studies, Design Technology","choosing fabrics, planning colour combinations, creating wearable designs, design",Fashion Designer
Student_0075,"I like learning English Literature, Health Science, Biology","being active and patient, helping people recover from injuries, solving mobility problems, health topics",Physiotherapist
Student_0397,"I like learning Art, Digital Technology, Environmental Science","I am interested in thinking about player experience, coding interactive challenges, fixing game bugs, creating characters, building fun mechanics, creativity",Game Developer
Student_0765,"Design Technology, Art, Business","turning ideas into clothes, mixing creativity with branding, planning colour combinations, sketching outfits, drawing, solving challenges",Fashion Designer
Student_0840,"My favourite subjects are English, Maths, Education","being patient with questions, helping classmates learn, making lessons fun, communicating clearly, communication",Teacher
Student_0588,"I enjoy Mathematics, Geography, Physics","I am interested in researching wind and water power, improving energy use, testing efficient technology, problem solving",Renewable Energy Engineer
Student_0969,"I enjoy Business, Chemistry, Art","making meals people enjoy, creating recipes, decorating food, planning menus, health topics, drawing",Chef
Student_0347,"I like learning Digital Technology, Mathematics","I am interested in keeping systems safe, thinking like an attacker ethically, checking suspicious links, protecting accounts, technology, solving challenges",Cybersecurity Analyst
Student_0374,"My favourite subjects are Statistics, Maths, Business, Computer Science","I enjoy using spreadsheets, cleaning messy data, turning data into decisions, spotting trends, making charts, presenting information",Data Analyst
Student_0506,"My favourite subjects are Computer Science, Design Technology, Maths, Engineering","I usually like solving mechanical problems, testing prototypes, fixing engines, using tools, building practical devices, technology",Mechanical Engineer
Student_0308,"I like learning Maths, Design Technology, Computer Science, English","I like building websites, solving bugs, thinking logically, learning programming languages, making tools for friends, technology",Software Developer
Student_0847,"I enjoy English Literature, Digital Technology, Mathematics","I usually like promoting products, solving customer problems, making decisions quickly, selling ideas, leadership",Entrepreneur
Student_0310,"I enjoy English Literature, Mathematics, Digital Technology","In my free time I enjoy thinking logically, building websites, turning ideas into software, making tools for friends, automating boring tasks, problem solving",Software Developer
Student_0329,"Mostly Physics, Maths, Digital Technology","I enjoy testing predictions, training models, learning about machine learning, working with algorithms, research, problem solving",AI Engineer
Student_0670,"Mostly Media Studies, Drama, Art","I usually like choosing music for scenes, telling stories through clips, cutting videos, making dramatic moments land, storytelling",Film Editor
Student_0569,"My favourite subjects are Art, Physics, Maths","In my free time I enjoy solving space problems, drawing building designs, making models, planning, teamwork",Architect
Student_0337,"My favourite subjects are Physics, Digital Technology, Maths, Psychology","I enjoy thinking like an attacker ethically, keeping systems safe, finding security weaknesses, research, learning new tools, maths",Cybersecurity Analyst
Student_0763,"I like learning Media Studies, Art, Textiles, Statistics","I like choosing fabrics, planning colour combinations, sketching outfits, mixing creativity with branding, turning ideas into clothes, design",Fashion Designer
Student_0406,"Physics, Mathematics","I usually like balancing difficulty, coding interactive challenges, fixing game bugs, testing gameplay, creating characters, drawing",Game Developer
Student_0945,"I enjoy English, Business Studies","In my free time I enjoy communicating with different people, solving workplace issues, helping teams work better, understanding motivation, making fair decisions, leadership, health topics",Human Resources Manager
Student_0393,"Mostly Design Technology, Computing","In my free time I enjoy balancing difficulty, building fun mechanics, designing game levels, problem solving, leadership",Game Developer
Student_0216,"My favourite subjects are Statistics, Geography, Chemistry","I am interested in studying pollution, solving sustainability problems, collecting field data, testing water quality, nature",Environmental Scientist
Student_0485,"I like learning Physics, Design Technology, Geography, Engineering","I like building models, thinking about safe buildings, planning strong structures, working with measurements, planning",Civil Engineer
Student_0320,"My favourite subjects are Data Science, Mathematics, Computing","improving model accuracy, experimenting with data, understanding patterns in data, learning about machine learning, testing predictions, maths",AI Engineer
Student_0631,"I enjoy Design Technology, English Literature, English","In my free time I enjoy designing visual stories, editing motion, using creative software, bringing characters to life, thinking about timing and movement, technology",Animator
Student_0916,"Social Studies, Health Science, History, Psychology","I enjoy helping people feel safe, working with different groups, connecting people with help, supporting people through problems, responsibility",Social Worker
Student_0307,"I like learning Design Technology, Maths, Physics, English","I like thinking logically, automating boring tasks, learning programming languages, problem solving",Software Developer
Student_0753,"I enjoy Textiles, Design Technology, Media Studies","In my free time I enjoy choosing fabrics, following style trends, planning colour combinations, drawing, problem solving",Fashion Designer
Student_0207,"Mostly Chemistry, Geography, Biology","In my free time I enjoy collecting field data, testing water quality, studying pollution, nature",Environmental Scientist
Student_0740,"Design Technology, Media Studies, English Literature, Art","I am interested in taking creative photos, choosing angles, editing images, creativity",Photographer
Student_0659,"English Literature, Art, Media Studies","I like choosing music for scenes, adding effects, fixing timing, storytelling, learning new tools",Film Editor
Student_0499,"Mostly Engineering, Mathematics, Design Technology, Biology","I am interested in designing bridges, improving roads and spaces, working with measurements, solving construction problems, reading maps and plans, design",Civil Engineer
Student_0589,"Mostly Mathematics, Engineering, Physics, Art","In my free time I enjoy working with electricity and sustainability, researching wind and water power, testing efficient technology, designing clean energy systems, problem solving",Renewable Energy Engineer
Student_0366,"Maths, Business Studies, Economics","I like cleaning messy data, using spreadsheets, comparing survey answers, explaining results simply, problem solving, doing group projects",Data Analyst
Student_0607,"My favourite subjects are Art, Media Studies, Digital Technology, Health Science","I like editing images, experimenting with layouts, turning messages into designs, communication",Graphic Designer
Student_0490,"Geography, Maths","I enjoy improving roads and spaces, working with measurements, designing bridges, planning strong structures, thinking about safe buildings, hands-on projects",Civil Engineer
Student_0571,"My favourite subjects are Geography, Maths, Design Technology, Chemistry","I usually like planning spaces, sketching structures, thinking about light and layout, combining creativity with measurements, solving space problems, planning",Architect
Student_0147,"My favourite subjects are Art, Health Science, Biology","I like learning about teeth and health, fixing practical problems, explaining hygiene habits, helping people feel confident, science",Dentist
Student_0471,"Psychology, Art, Computer Science, English","I am interested in testing interfaces, improving user experience, sketching layouts, choosing colours and typography, communication",UI/UX Designer
Student_0412,"I like learning Computing, Physics","I enjoy coding sensors, building moving machines, testing robots, experiments",Robotics Engineer
Student_0925,"My favourite subjects are Health Science, Psychology, English Literature, Geography","I am interested in understanding family and community issues, listening without judging, being patient during hard conversations, people skills",Social Worker
Student_0363,"Mostly Computer Science, Statistics, Maths, Business Studies","I enjoy turning data into decisions, spotting trends, using spreadsheets, explaining results simply, finding patterns in numbers, presenting information",Data Analyst
Student_0684,"I like learning Digital Technology, Music, Media Studies, Physics","In my free time I enjoy creating melodies, experimenting with sound effects, balancing rhythm and mood, learning music software, technology",Music Producer
Student_0290,"I like learning Mathematics, Physics","In my free time I enjoy learning programming languages, coding small apps, building websites, logic puzzles",Software Developer
Student_0189,"My favourite subjects are Biology, English Literature, Agriculture, Chemistry","I like understanding diseases in animals, solving health problems for animals, caring for animals, biology, presenting ideas",Veterinarian
Student_0260,"Mostly Physics, Mathematics, Chemistry, Statistics","I enjoy using lab techniques, connecting science to investigations, solving mysteries with evidence, recording facts carefully, science experiments",Forensic Scientist
Student_0917,"My favourite subjects are English Literature, Psychology","I usually like supporting people through problems, connecting people with help, understanding family and community issues, people skills",Social Worker
Student_0791,"I enjoy Economics, Statistics","planning budgets, tracking expenses, checking numbers carefully, responsibility",Accountant
Student_0311,"Mostly Maths, Physics, English Literature, Design Technology","I am interested in coding small apps, building websites, solving bugs, automating boring tasks, problem solving",Software Developer
Student_0010,"My favourite subjects are Psychology, Health Science","In my free time I enjoy solving health problems, staying calm in emergencies, explaining health advice clearly, helping people feel better, talking to people",Doctor
Student_0356,"I enjoy Mathematics, English Literature, Computer Science, Digital Technology","In my free time I enjoy learning about passwords and networks, checking suspicious links, following digital clues, protecting accounts, thinking like an attacker ethically, technology",Cybersecurity Analyst
Student_0832,"I enjoy Education, Psychology","I like explaining hard topics simply, being patient with questions, helping classmates learn, communicating clearly, leadership, trying creative ideas",Teacher
Student_0567,"Mostly Maths, Geography","thinking about light and layout, solving space problems, drawing building designs, combining creativity with measurements, sketching structures, design",Architect
Student_1072,"My favourite subjects are Environmental Science, Biology, Computer Science","I usually like working with sensors and data, testing soil, solving food production problems, tracking plant growth, protecting land while growing food, nature, helping friends",Agriculture Technologist
Student_0452,"I like learning Physics, Business Studies","setting up connections, solving technical issues, testing network speed, troubleshooting",Network Engineer
Student_0053,"I like learning Mathematics, Biology, Health Science","I am interested in explaining instructions clearly, understanding how medicines work, helping people choose safe options, checking details carefully, health topics",Pharmacist
Student_0852,"I enjoy Economics, Digital Technology, Business Studies","I usually like taking smart risks, starting small projects, making decisions quickly, selling ideas, leadership",Entrepreneur
Student_0665,"I like learning Drama, Art, English Literature","I enjoy adding effects, cutting videos, choosing music for scenes, creativity, technology",Film Editor
Student_0907,"I like learning Media Studies, English, Maths","managing budgets, solving last minute problems, organising events, communication",Event Planner
Student_0729,"I enjoy Physics, Design Technology, Media Studies","I usually like taking creative photos, choosing angles, making people feel comfortable on camera, capturing events, telling stories through pictures, technology, teamwork",Photographer
Student_0886,"I like learning Art, Media Studies","I usually like checking engagement data, testing what audience likes, making online campaigns, understanding social media trends, technology",Digital Marketer
Student_0624,"I like learning Computing, Media Studies, English","I usually like communicating ideas visually, experimenting with layouts, editing images, choosing colours, technology",Graphic Designer
Student_0994,"Mostly English, Biology","helping people improve fitness, studying game strategy, training teams, planning drills, health topics",Sports Coach
Student_0672,"I like learning Computer Science, Media Studies, English, Drama","I usually like fixing timing, making dramatic moments land, organising footage, choosing music for scenes, technology",Film Editor
Student_0679,"My favourite subjects are Music, Computer Science, Media Studies, Agriculture","I usually like mixing beats, learning music software, recording sounds, creating melodies, balancing rhythm and mood, technology",Music Producer
Student_0519,"I like learning Engineering, Design Technology","I usually like testing prototypes, improving performance, solving mechanical problems, using tools, technology",Mechanical Engineer
Student_0070,"My favourite subjects are Chemistry, Mathematics, Biology","In my free time I enjoy mixing and measuring accurately, learning about side effects, helping people choose safe options, explaining instructions clearly, careful reading",Pharmacist
Student_0461,"My favourite subjects are Design Technology, Computer Science, English Literature","I usually like sketching layouts, making buttons easy to understand, choosing colours and typography, turning feedback into better designs, testing interfaces, problem solving",UI/UX Designer
Student_1037,"I enjoy Business, Social Studies","I like planning travel experiences, working with people from different places, organising bookings, welcoming visitors, communication",Tourism Manager
Student_0999,"Biology, Psychology, Health Science","In my free time I enjoy building confidence through practice, watching performance closely, training teams, studying game strategy, health topics",Sports Coach
Student_0682,"I enjoy Physics, Computer Science","I am interested in balancing rhythm and mood, creating melodies, helping songs sound polished, experimenting with sound effects, listening skills",Music Producer
Student_0719,"Mostly English, Social Studies","I am interested in writing stories, asking good questions, interviewing people, researching different viewpoints, people skills",Journalist
Student_0658,"Digital Technology, English Literature, Art","choosing music for scenes, telling stories through clips, fixing timing, making dramatic moments land, storytelling",Film Editor
Student_0122,"I enjoy Chemistry, Statistics, Health Science","I usually like testing samples, investigating how cells work, using microscopes, recording scientific results, running experiments carefully, data",Biomedical Scientist
Student_1012,"Mostly Computer Science, English Literature, Physics, Maths","I usually like learning about aircraft, following checklists, understanding weather, making quick but careful decisions, problem solving",Pilot
Student_0176,"My favourite subjects are English Literature, Chemistry","I usually like solving health problems for animals, caring for animals, helping injured pets, understanding diseases in animals, nature",Veterinarian
Student_0100,"English, Social Studies, Statistics, Psychology","I enjoy researching mental health, helping friends think through choices, understanding why people behave differently, asking thoughtful questions, explaining ideas with empathy, people skills",Psychologist
Student_1002,"I like learning Health Science, English Literature, Psychology","I am interested in studying game strategy, motivating players, watching performance closely, planning drills, communication",Sports Coach
Student_0230,"My favourite subjects are Geography, Maths","In my free time I enjoy understanding marine conservation, watching documentaries about the sea, working outdoors near water, collecting water samples, learning about ocean life, science experiments",Marine Biologist
Student_0587,"Maths, Engineering, Geography","I am interested in learning about solar power, researching wind and water power, testing efficient technology, technology, joining school activities",Renewable Energy Engineer
Student_0565,"My favourite subjects are Design Technology, Art, Mathematics, Physics, Politics","I am interested in designing rooms people enjoy, planning spaces, combining creativity with measurements, design",Architect
Student_0992,"I like learning Physical Education, English, Psychology, Health Science","watching performance closely, training teams, giving clear feedback, helping people improve fitness, communication",Sports Coach
Student_0284,"I like learning Business, Food Technology, Chemistry","I enjoy testing food quality, solving shelf life problems, creating new recipes safely, mixing ingredients accurately, creativity",Food Technologist
Student_0459,"Art, Design Technology, English Literature, Computing","improving user experience, sketching layouts, testing interfaces, making buttons easy to understand, thinking about how users feel, drawing",UI/UX Designer
Student_0156,"Biology, Chemistry, Art","I usually like combining science with careful design, fixing practical problems, using steady hands, health topics",Dentist
Student_0124,"My favourite subjects are Biology, Health Science, Statistics","I usually like comparing data from tests, recording scientific results, using microscopes, research",Biomedical Scientist
Student_0820,"Maths, Social Studies, English Literature, Education","I enjoy encouraging younger students, being patient with questions, communicating clearly, helping people",Teacher
Student_0021,"I enjoy Biology, Psychology, Mathematics","In my free time I enjoy solving health problems, working carefully under pressure, helping people feel better, understanding symptoms, problem solving, helping friends",Doctor
Student_0384,"Computing, Economics","I like using spreadsheets, explaining results simply, making charts, turning data into decisions, research",Data Analyst
Student_0149,"Mostly Mathematics, Chemistry, Art, Health Science","In my free time I enjoy learning about teeth and health, being precise with tools, using steady hands, working carefully with small details, communication",Dentist
Student_0136,"Mostly Maths, Statistics","I am interested in investigating how cells work, finding causes of disease, working in a lab, testing samples, careful observation, learning new tools",Biomedical Scientist
Student_0584,"Mathematics, Physics","I enjoy researching wind and water power, building practical solutions for the future, learning about solar power, working with electricity and sustainability, technology",Renewable Energy Engineer
Student_0269,"I like learning Biology, Food Technology, Chemistry","I am interested in understanding nutrition labels, combining science with food ideas, mixing ingredients accurately, science experiments",Food Technologist
Student_0108,"My favourite subjects are English Literature, Social Studies","researching mental health, listening to people's problems, noticing patterns in behaviour, explaining ideas with empathy, reading about emotions, careful observation",Psychologist
Student_0575,"Mostly Physics, Design Technology, Geography, Mathematics","In my free time I enjoy planning spaces, designing rooms people enjoy, solving space problems, making models, drawing",Architect
Student_0941,"Mostly Business Studies, Psychology, Social Studies, Economics","I like communicating with different people, making fair decisions, keeping records organised, understanding motivation, helping teams work better, leadership",Human Resources Manager
Student_0550,"Computing, Maths, Physics","I enjoy designing control systems, working with circuits, fixing electrical problems, making technology reliable, maths",Electrical Engineer
Student_0812,"My favourite subjects are Business, Social Studies, History","I enjoy building strong arguments, researching cases, looking at both sides of a situation, reading rules carefully, explaining rights, research",Lawyer
Student_0288,"I enjoy Mathematics, Biology, Chemistry","In my free time I enjoy understanding nutrition labels, creating new recipes safely, combining science with food ideas, mixing ingredients accurately, science experiments",Food Technologist
Student_0391,"I like learning Design Technology, Physics, Art, Mathematics, Business Studies","I like building fun mechanics, thinking about player experience, fixing game bugs, creativity",Game Developer
Student_0218,"Geography, Chemistry, Biology","In my free time I enjoy researching ecosystems, working outdoors near water, watching documentaries about the sea, protecting coral reefs, animals",Marine Biologist
Student_0758,"I like learning Art, Textiles, Business Studies","In my free time I enjoy turning ideas into clothes, making patterns, mixing creativity with branding, design",Fashion Designer
Student_1046,"Mostly Media Studies, Business, Geography, English","planning travel experiences, organising bookings, solving customer problems, promoting destinations, learning about cultures, creativity",Tourism Manager
Student_0883,"Mostly Digital Technology, English Literature, Business, Mathematics","combining creativity with analytics, understanding social media trends, checking engagement data, designing posts, writing catchy captions, data",Digital Marketer
Student_0724,"English, Design Technology, Physics","I enjoy working with lighting, noticing small visual details, editing images, taking creative photos, detail work",Photographer
Student_1008,"I like learning Biology, Physical Education, Health Science, Psychology","I usually like watching performance closely, planning drills, building confidence through practice, giving clear feedback, health topics",Sports Coach
Student_0293,"Digital Technology, Design Technology","I am interested in thinking logically, learning programming languages, automating boring tasks, creativity",Software Developer
Student_0224,"Chemistry, Biology, Maths, Geography","In my free time I enjoy protecting coral reefs, learning about ocean life, understanding marine conservation, researching ecosystems, research",Marine Biologist
Student_0630,"My favourite subjects are Media Studies, Art, English Literature","I am interested in creating short animations, bringing characters to life, designing visual stories, thinking about timing and movement, storytelling, joining school activities",Animator
Student_1019,"I like learning Digital Technology, Physics, Mathematics","staying calm under pressure, reading maps, learning about aircraft, paying attention to instruments, maths, helping friends",Pilot
Student_0261,"I like learning Chemistry, Physics, Maths, Statistics","noticing tiny details, using lab techniques, analysing samples, solving mysteries with evidence, connecting science to investigations, problem solving, trying creative ideas",Forensic Scientist
Student_0555,"My favourite subjects are Mathematics, Geography, Art","I enjoy making models, thinking about light and layout, designing rooms people enjoy, creativity",Architect
Student_1064,"I enjoy Geography, Agriculture, Chemistry","I usually like improving farming methods, learning about crops, testing soil, solving food production problems, problem solving",Agriculture Technologist
Student_0841,"I like learning Digital Technology, Economics, Business Studies, English Literature, Physics","In my free time I enjoy taking smart risks, starting small projects, promoting products, selling ideas, problem solving, making things better, writing",Entrepreneur
Student_0671,"I enjoy Art, Computer Science, Drama","making dramatic moments land, organising footage, adding effects, cutting videos, projects",Film Editor
Student_0696,"I like learning Media Studies, Physics","editing audio, recording sounds, experimenting with sound effects, mixing beats, helping songs sound polished, listening skills",Music Producer
Student_0460,"I enjoy English, Psychology, Art","In my free time I enjoy thinking about how users feel, sketching layouts, choosing colours and typography, creativity",UI/UX Designer
Student_0995,"Biology, English Literature","I usually like watching performance closely, training teams, motivating players, building confidence through practice, health topics, doing group projects",Sports Coach
Student_0674,"My favourite subjects are Computer Science, Music, Media Studies","I like learning music software, recording sounds, mixing beats, editing audio, listening skills",Music Producer
Student_0394,"I enjoy Design Technology, Art, Mathematics, Physics","I usually like balancing difficulty, designing game levels, fixing game bugs, creating characters, drawing",Game Developer
Student_0090,"Biology, PE, Psychology, Health Science","I usually like solving mobility problems, explaining body movement, learning about muscles and movement, helping people recover from injuries, helping people",Physiotherapist
Student_0488,"I like learning Mathematics, Design Technology, Engineering","I like building models, solving construction problems, improving roads and spaces, reading maps and plans, hands-on projects",Civil Engineer
Student_0980,"My favourite subjects are Art, Food Technology, Business","I usually like making meals people enjoy, decorating food, planning menus, cooking under pressure, creativity",Chef
Student_0109,"Mostly Psychology, Social Studies, Biology, English, Design Technology","I like explaining ideas with empathy, helping friends think through choices, researching mental health, noticing patterns in behaviour, research",Psychologist
Student_0382,"Mostly Economics, Statistics, Maths, Computer Science","comparing survey answers, using spreadsheets, spotting trends, finding patterns in numbers, maths",Data Analyst
Student_0881,"I like learning Digital Technology, English","I usually like checking engagement data, writing catchy captions, understanding social media trends, testing what audience likes, technology, storytelling",Digital Marketer
Student_0165,"My favourite subjects are Maths, Biology, Chemistry","I like learning about teeth and health, fixing practical problems, using steady hands, helping people feel confident, helping people, helping friends",Dentist
Student_0720,"I like learning Politics, Social Studies, History","In my free time I enjoy asking good questions, taking notes quickly, interviewing people, researching different viewpoints, explaining news simply, storytelling",Journalist
Student_0813,"Mostly Business Studies, Social Studies, English","I usually like researching cases, debating ideas, looking at both sides of a situation, solving disputes fairly, reading rules carefully, people skills, learning new tools",Lawyer
Student_1054,"My favourite subjects are Geography, Business","In my free time I enjoy organising bookings, working with people from different places, solving customer problems, learning about cultures, communication",Tourism Manager
Student_0158,"I like learning Biology, Health Science, Chemistry, Mathematics","In my free time I enjoy helping people feel confident, using steady hands, being precise with tools, science",Dentist
Student_0396,"Mostly Art, Design Technology, Digital Technology","I enjoy building fun mechanics, testing gameplay, coding interactive challenges, thinking about player experience, creativity",Game Developer
Student_0759,"My favourite subjects are Media Studies, Textiles, Art, Design Technology","I usually like planning colour combinations, sketching outfits, choosing fabrics, mixing creativity with branding, design",Fashion Designer
Student_0829,"I like learning Social Studies, Psychology, Education, English","I am interested in explaining hard topics simply, helping classmates learn, making lessons fun, communicating clearly, leadership",Teacher
Student_0408,"I enjoy Art, Design Technology","I like creating characters, coding interactive challenges, balancing difficulty, designing game levels, technology",Game Developer
Student_0918,"I enjoy Health Science, Psychology","In my free time I enjoy listening without judging, understanding family and community issues, helping people feel safe, being patient during hard conversations, helping people, presenting ideas",Social Worker
Student_0370,"Digital Technology, Business Studies","I like using spreadsheets, comparing survey answers, cleaning messy data, problem solving",Data Analyst
Student_0209,"I like learning Biology, Statistics, Mathematics","In my free time I enjoy working with maps, protecting the environment, solving sustainability problems, research, health topics",Environmental Scientist
Student_0057,"Mathematics, Chemistry, Biology","I enjoy organising information, learning about side effects, explaining instructions clearly, helping people, planning",Pharmacist
Student_0198,"Geography, Statistics","I enjoy testing water quality, researching ecosystems, studying pollution, solving sustainability problems, protecting the environment, problem solving, trying creative ideas",Environmental Scientist
Student_0594,"Maths, Environmental Science","testing efficient technology, working with electricity and sustainability, researching wind and water power, learning about solar power, technology",Renewable Energy Engineer
Student_0019,"I like learning English, Biology, Business Studies","explaining health advice clearly, helping people feel better, staying calm in emergencies, understanding symptoms, talking to people",Doctor
Student_0437,"My favourite subjects are Physics, Business","I am interested in understanding routers, setting up connections, testing network speed, keeping devices connected, troubleshooting",Network Engineer
Student_0132,"I like learning Maths, Chemistry, Health Science, Biology","I am interested in investigating how cells work, working in a lab, comparing data from tests, recording scientific results, careful observation",Biomedical Scientist
Student_0120,"My favourite subjects are Biology, Social Studies","In my free time I enjoy noticing patterns in behaviour, reading about emotions, helping friends think through choices, listening to people's problems, asking thoughtful questions, people skills",Psychologist
Student_0099,"I like learning Health Science, Biology, Social Studies","In my free time I enjoy helping friends think through choices, asking thoughtful questions, noticing patterns in behaviour, listening to people's problems, people skills",Psychologist
Student_0048,"Health Science, Social Studies, Psychology","I am interested in following health instructions, checking on others, staying organised during busy tasks, helping patients understand what is happening, teamwork",Nurse
Student_0843,"My favourite subjects are English, Business Studies, Economics, Maths","In my free time I enjoy taking smart risks, promoting products, planning a business, leadership",Entrepreneur
Student_1026,"Geography, English, Physics","I enjoy following checklists, staying calm under pressure, understanding weather, reading maps, technology",Pilot
Student_0709,"My favourite subjects are Social Studies, Media Studies, English Literature, History, Health Science","I like writing stories, explaining news simply, taking notes quickly, telling real stories clearly, checking facts, people skills",Journalist
Student_0628,"I enjoy Art, Design Technology, Digital Technology","I enjoy making scenes feel expressive, drawing storyboards, designing visual stories, projects",Animator
Student_0244,"Maths, Chemistry, Statistics","I like connecting science to investigations, noticing tiny details, solving mysteries with evidence, using lab techniques, testing fingerprints, careful observation",Forensic Scientist
Student_1004,"Mostly Biology, English, Health Science","I usually like studying game strategy, building confidence through practice, watching performance closely, motivating players, health topics",Sports Coach
Student_0725,"My favourite subjects are English Literature, Art, Physics","I like telling stories through pictures, making people feel comfortable on camera, taking creative photos, noticing small visual details, editing images, technology",Photographer
Student_0376,"Digital Technology, Statistics, Mathematics","I like turning data into decisions, using spreadsheets, comparing survey answers, presenting information, presenting ideas",Data Analyst
Student_0703,"I like learning English, Social Studies, Physics","I enjoy checking facts, explaining news simply, asking good questions, telling real stories clearly, research",Journalist
Student_0870,"Art, English, Computer Science","I enjoy designing posts, understanding social media trends, making online campaigns, promoting events, data, asking questions",Digital Marketer
Student_1027,"My favourite subjects are Physics, Digital Technology, Geography, Psychology","I like making quick but careful decisions, using flight simulations, understanding weather, following checklists, staying calm under pressure, careful observation",Pilot
Student_0722,"My favourite subjects are Design Technology, Physics","I enjoy telling stories through pictures, capturing events, choosing angles, noticing small visual details, communication",Photographer
Student_0302,"I like learning English Literature, Digital Technology, Mathematics, Design Technology","I like making tools for friends, coding small apps, learning programming languages, solving bugs, projects",Software Developer
Student_0038,"I enjoy Social Studies, Psychology, Health Science","caring for people, being patient and practical, working in a team, comforting people when they are nervous, checking on others, helping people",Nurse
Student_0262,"My favourite subjects are Mathematics, Biology, Statistics, Chemistry","I usually like analysing samples, solving mysteries with evidence, noticing tiny details, following clues logically, research",Forensic Scientist
Student_0095,"I like learning Biology, PE, Health Science","solving mobility problems, planning exercise routines, encouraging people to keep practising, being active and patient, coaching",Physiotherapist
Student_0576,"Art, Mathematics","I enjoy combining creativity with measurements, sketching structures, planning spaces, designing rooms people enjoy, drawing building designs, planning",Architect
Student_1075,"Mostly Chemistry, Digital Technology, Geography, Agriculture, Engineering","I enjoy learning about crops, using technology outdoors, improving farming methods, working with sensors and data, science experiments",Agriculture Technologist
Student_0927,"History, Psychology","In my free time I enjoy connecting people with help, supporting people through problems, being patient during hard conversations, people skills",Social Worker
Student_0344,"My favourite subjects are English, Maths, Computing","I like protecting accounts, finding security weaknesses, checking suspicious links, learning about passwords and networks, careful observation",Cybersecurity Analyst
Student_0899,"I like learning English Literature, Art, Business, Maths","I like decorating spaces, planning schedules, keeping people on track, organising events, communication, joining school activities",Event Planner
Student_1068,"Mostly Chemistry, Biology","I am interested in testing soil, working with sensors and data, using technology outdoors, tracking plant growth, problem solving",Agriculture Technologist
Student_0246,"I enjoy Chemistry, Physics","I enjoy recording facts carefully, using lab techniques, testing fingerprints, analysing samples, data, watching documentaries",Forensic Scientist
Student_0974,"I enjoy Food Technology, Business, Chemistry","planning menus, cooking under pressure, testing flavours, detail work",Chef
Student_1036,"English, Business, Media Studies","I am interested in creating fun itineraries, working with people from different places, planning travel experiences, solving customer problems, communication",Tourism Manager
Student_0790,"My favourite subjects are Business, Maths, Accounting","In my free time I enjoy checking numbers carefully, organising financial records, working with spreadsheets, comparing costs, tracking expenses, planning",Accountant
Student_0221,"My favourite subjects are Environmental Science, Geography, Mathematics, Chemistry","protecting coral reefs, working outdoors near water, learning about ocean life, studying fish behaviour, researching ecosystems, research",Marine Biologist
Student_0162,"I like learning Health Science, Biology, Art, Chemistry","I like being precise with tools, helping people feel confident, fixing practical problems, explaining hygiene habits, using steady hands, health topics",Dentist
Student_0735,"My favourite subjects are Art, Media Studies, English","In my free time I enjoy making people feel comfortable on camera, editing images, noticing small visual details, taking creative photos, capturing events, communication",Photographer
Student_0200,"My favourite subjects are Statistics, Chemistry, Mathematics, Biology","I like protecting the environment, learning about climate change, researching ecosystems, solving sustainability problems, data",Environmental Scientist
Student_0728,"I like learning English, Physics, Design Technology","I am interested in editing images, choosing angles, capturing events, communication",Photographer
Student_0143,"I enjoy Health Science, Mathematics","I enjoy investigating how cells work, testing samples, finding causes of disease, problem solving",Biomedical Scientist
Student_0603,"I like learning English, Digital Technology, Media Studies","editing images, communicating ideas visually, choosing colours, making social media graphics, projects",Graphic Designer
Student_0352,"I like learning Physics, Mathematics, Computing","I enjoy solving online mysteries, learning about passwords and networks, keeping systems safe, thinking like an attacker ethically, logic puzzles, making things better",Cybersecurity Analyst
Student_0863,"I like learning Business Studies, English Literature, Digital Technology","solving customer problems, taking smart risks, turning problems into opportunities, promoting products, creativity",Entrepreneur
Student_0824,"Mostly English Literature, Psychology, Social Studies, Maths","I am interested in helping classmates learn, making lessons fun, being patient with questions, organising group work, creativity",Teacher
Student_0407,"Mostly Physics, Design Technology, Maths, Digital Technology","coding interactive challenges, balancing difficulty, thinking about player experience, testing gameplay, fixing game bugs, problem solving",Game Developer
Student_0237,"I like learning Geography, Chemistry","understanding marine conservation, studying fish behaviour, researching ecosystems, watching documentaries about the sea, animals, solving challenges",Marine Biologist
Student_0623,"Mostly Design Technology, Media Studies, Art","choosing colours, experimenting with layouts, creating posters, turning messages into designs, designing logos, projects",Graphic Designer
Student_0874,"Computer Science, Business","In my free time I enjoy testing what audience likes, combining creativity with analytics, making online campaigns, writing catchy captions, designing posts, technology",Digital Marketer
Student_0864,"My favourite subjects are Economics, Mathematics, English, Digital Technology","In my free time I enjoy making decisions quickly, promoting products, planning a business, selling ideas, creativity",Entrepreneur
Student_0677,"Mostly Business Studies, Music","recording sounds, editing audio, creating melodies, experimenting with sound effects, listening skills",Music Producer
Student_0294,"Mathematics, Design Technology, English, Physics","I am interested in automating boring tasks, thinking logically, coding small apps, solving bugs, turning ideas into software, creativity, joining school activities",Software Developer
Student_0639,"My favourite subjects are Media Studies, English Literature, Design Technology","I am interested in bringing characters to life, editing motion, making scenes feel expressive, using creative software, thinking about timing and movement, technology",Animator
Student_1043,"Mostly English Literature, Business Studies","In my free time I enjoy welcoming visitors, planning travel experiences, creating fun itineraries, learning about cultures, people skills, learning new tools",Tourism Manager
Student_0073,"Mostly Psychology, Biology, English Literature, Mathematics","I usually like encouraging people to keep practising, watching sports techniques, learning about muscles and movement, teamwork, making things better, experiments",Physiotherapist
Student_0319,"Statistics, Mathematics, Physics, Computing, Media Studies","In my free time I enjoy understanding patterns in data, improving model accuracy, learning about machine learning, problem solving",AI Engineer
Student_0619,"I like learning Art, Computer Science, English, Design Technology","In my free time I enjoy editing images, making social media graphics, designing logos, communicating ideas visually, drawing",Graphic Designer
Student_0060,"I enjoy Biology, English Literature, Chemistry, Health Science","In my free time I enjoy learning about side effects, helping people choose safe options, reading medicine labels, mixing and measuring accurately, numbers",Pharmacist
Student_0626,"English, Computing, Media Studies, Design Technology","I enjoy designing visual stories, using creative software, bringing characters to life, making scenes feel expressive, thinking about timing and movement, drawing",Animator
Student_0355,"Mostly English, Mathematics, Digital Technology, Art","In my free time I enjoy solving online mysteries, thinking like an attacker ethically, following digital clues, learning about passwords and networks, keeping systems safe, problem solving",Cybersecurity Analyst
Student_0377,"My favourite subjects are Business, Maths","I am interested in making charts, explaining results simply, comparing survey answers, problem solving, responsibility",Data Analyst
Student_0773,"I like learning Economics, Maths, Statistics, Accounting","I like planning budgets, working with spreadsheets, finding mistakes in calculations, tracking expenses, planning",Accountant
Student_0219,"I enjoy Geography, Biology, Environmental Science","I enjoy researching ecosystems, collecting water samples, learning about ocean life, research",Marine Biologist
Student_0004,"English Literature, Health Science","I enjoy helping people feel better, reading about diseases, understanding symptoms, problem solving",Doctor
Student_0426,"I enjoy Physics, Engineering, Maths","I like making devices respond to movement, testing robots, coding sensors, maths",Robotics Engineer
Student_0123,"My favourite subjects are Biology, Statistics, Chemistry","In my free time I enjoy working in a lab, using microscopes, investigating how cells work, careful observation",Biomedical Scientist
Student_0291,"Mostly Mathematics, English Literature, Design Technology, Digital Technology","In my free time I enjoy turning ideas into software, learning programming languages, thinking logically, coding small apps, technology",Software Developer
Student_0271,"I like learning Biology, Food Technology, Business Studies, Health Science","I usually like testing food quality, combining science with food ideas, solving shelf life problems, understanding nutrition labels, improving food packaging, creativity",Food Technologist
Student_0510,"I like learning Computer Science, Design Technology","I usually like building practical devices, improving performance, testing prototypes, maths, presenting ideas",Mechanical Engineer
Student_0484,"My favourite subjects are Geography, Physics, Engineering, Maths","I enjoy building models, improving roads and spaces, planning strong structures, designing bridges, hands-on projects",Civil Engineer
Student_0342,"Maths, Computing, Digital Technology","In my free time I enjoy following digital clues, solving online mysteries, learning about passwords and networks, protecting accounts, problem solving, watching documentaries",Cybersecurity Analyst
Student_0688,"I enjoy Physics, Music","In my free time I enjoy creating melodies, helping songs sound polished, experimenting with sound effects, learning music software, projects, presenting ideas",Music Producer
Student_0251,"I enjoy Chemistry, Statistics","In my free time I enjoy testing fingerprints, recording facts carefully, following clues logically, solving mysteries with evidence, problem solving, helping friends",Forensic Scientist
Student_0014,"Biology, English Literature, Chemistry","working carefully under pressure, understanding symptoms, learning how the human body works, reading about diseases, teamwork",Doctor
Student_0537,"Mostly Computing, Design Technology, Physics","I usually like working with circuits, fixing electrical problems, building small devices, making technology reliable, technology",Electrical Engineer
Student_0131,"I like learning Chemistry, Maths, Statistics","In my free time I enjoy running experiments carefully, recording scientific results, investigating how cells work, finding causes of disease, comparing data from tests, science experiments, asking questions",Biomedical Scientist
Student_0962,"Food Technology, Business","I am interested in working quickly in a team, understanding ingredients, making meals people enjoy, decorating food, health topics",Chef
Student_0115,"I like learning Statistics, Psychology, Health Science","I like listening to people's problems, explaining ideas with empathy, reading about emotions, understanding why people behave differently, noticing patterns in behaviour, writing",Psychologist
Student_0425,"My favourite subjects are Design Technology, Engineering","I like making devices respond to movement, coding sensors, building moving machines, working with circuits, designing automated systems, maths",Robotics Engineer
Student_0343,"Mostly English Literature, Physics, English","I am interested in solving online mysteries, following digital clues, protecting accounts, learning about passwords and networks, checking suspicious links, careful observation",Cybersecurity Analyst
Student_0110,"I enjoy Psychology, English, Social Studies, Biology","understanding why people behave differently, listening to people's problems, helping friends think through choices, noticing patterns in behaviour, communication",Psychologist
Student_0601,"I like learning English, Art, Design Technology, Media Studies, Biology","In my free time I enjoy making social media graphics, communicating ideas visually, choosing colours, technology, making things better, detail work",Graphic Designer
Student_0926,"I like learning Social Studies, Health Science, History, English Literature","I usually like listening without judging, being patient during hard conversations, supporting people through problems, research",Social Worker
Student_1069,"My favourite subjects are Environmental Science, Biology, Chemistry, Mathematics","protecting land while growing food, learning about crops, using technology outdoors, working with sensors and data, nature",Agriculture Technologist
Student_0922,"History, English Literature, Social Studies","In my free time I enjoy standing up for fairness, working with different groups, helping people feel safe, connecting people with help, communication",Social Worker
Student_0780,"My favourite subjects are Economics, Business, Statistics","I usually like comparing costs, checking numbers carefully, finding mistakes in calculations, helping people make responsible money decisions, responsibility",Accountant
Student_0011,"Mostly Biology, Health Science","learning how the human body works, staying calm in emergencies, helping people feel better, science experiments, working with classmates",Doctor
Student_0009,"I like learning Maths, English, Psychology, Health Science","I enjoy understanding symptoms, solving health problems, learning how the human body works, working carefully under pressure, careful observation, teamwork",Doctor
Student_0968,"I enjoy Health Science, Chemistry, Art","I enjoy planning menus, making meals people enjoy, testing flavours, understanding ingredients, detail work",Chef
Student_0800,"English, History, Business Studies","I enjoy solving disputes fairly, looking at both sides of a situation, debating ideas, building strong arguments, communication",Lawyer
Student_0621,"Art, Media Studies, English","I like designing logos, turning messages into designs, editing images, communicating ideas visually, creating posters, projects, joining school activities",Graphic Designer
Student_0673,"Physics, Media Studies, Business, Health Science","creating melodies, learning music software, helping songs sound polished, mixing beats, technology, asking questions, teamwork",Music Producer
Student_0473,"My favourite subjects are English Literature, Art, Psychology, Computing","I usually like making buttons easy to understand, choosing colours and typography, designing clean app screens, sketching layouts, creativity, sports",UI/UX Designer
Student_0098,"Psychology, English Literature, Health Science","In my free time I enjoy reading about emotions, listening to people's problems, asking thoughtful questions, helping friends think through choices, researching mental health, writing",Psychologist
Student_0399,"I like learning Maths, Physics, Computing","I am interested in designing game levels, building fun mechanics, balancing difficulty, testing gameplay, technology",Game Developer
Student_0336,"I like learning Data Science, Statistics, Physics, Digital Technology","I enjoy working with algorithms, learning about machine learning, understanding patterns in data, improving model accuracy, problem solving",AI Engineer
Student_0509,"My favourite subjects are Maths, Physics, Engineering","I like fixing engines, using tools, building practical devices, testing prototypes, problem solving",Mechanical Engineer
Student_0680,"My favourite subjects are Business Studies, Physics","I like experimenting with sound effects, recording sounds, mixing beats, helping songs sound polished, balancing rhythm and mood, projects",Music Producer
Student_1030,"Mostly Computing, Maths, English, Physics","staying calm under pressure, using flight simulations, learning about aircraft, responsibility",Pilot
Student_0858,"I like learning Business Studies, Maths, English, Digital Technology","In my free time I enjoy solving customer problems, promoting products, selling ideas, taking smart risks, making decisions quickly, communication",Entrepreneur
Student_0036,"I enjoy Health Science, Social Studies, Psychology","In my free time I enjoy helping patients understand what is happening, staying organised during busy tasks, following health instructions, comforting people when they are nervous, working in a team, health topics",Nurse
Student_1033,"I like learning Social Studies, Geography, English, Business Studies, Mathematics","I like learning about cultures, planning travel experiences, solving customer problems, promoting destinations, working with people from different places, people skills, working with classmates, communication",Tourism Manager
Student_0798,"I enjoy Social Studies, English Literature, Politics","speaking confidently, researching cases, explaining rights, building strong arguments, problem solving, organising notes",Lawyer
Student_0810,"My favourite subjects are History, Social Studies","researching cases, looking at both sides of a situation, speaking confidently, reading rules carefully, writing",Lawyer
Student_0911,"I enjoy Mathematics, Business","I enjoy solving last minute problems, organising events, keeping people on track, managing budgets, decorating spaces, communication",Event Planner
Student_0822,"Mostly Psychology, English, Maths","I enjoy making lessons fun, planning activities, being patient with questions, encouraging younger students, communication, helping friends",Teacher
Student_0668,"My favourite subjects are Art, Computing","choosing music for scenes, cutting videos, telling stories through clips, projects",Film Editor
Student_0656,"My favourite subjects are Computing, Drama, Media Studies","I like choosing music for scenes, fixing timing, creating trailers and short films, cutting videos, organising footage, creativity",Film Editor
Student_0505,"Mostly Physics, Engineering, Mathematics, English","improving performance, using tools, designing moving parts, technology, presenting ideas, maths",Mechanical Engineer
Student_0203,"My favourite subjects are Statistics, Chemistry, Biology, Environmental Science","In my free time I enjoy collecting field data, protecting the environment, solving sustainability problems, studying pollution, problem solving, solving challenges",Environmental Scientist
Student_1016,"My favourite subjects are Physics, English, Mathematics","reading maps, understanding weather, making quick but careful decisions, using flight simulations, technology",Pilot
Student_0608,"Mostly Computing, Design Technology, Art","I enjoy designing logos, experimenting with layouts, turning messages into designs, choosing colours, communication",Graphic Designer
Student_1020,"My favourite subjects are English, Mathematics","In my free time I enjoy staying calm under pressure, using flight simulations, reading maps, making quick but careful decisions, paying attention to instruments, careful observation",Pilot
Student_0204,"I enjoy Mathematics, Biology","I like protecting the environment, learning about climate change, working with maps, science experiments",Environmental Scientist
Student_0977,"Art, Chemistry, Food Technology, Business","I am interested in planning menus, creating recipes, working quickly in a team, testing flavours, hands-on projects, research",Chef
Student_0050,"I like learning Health Science, Chemistry, Maths, English","I enjoy checking details carefully, learning about side effects, organising information, helping people choose safe options, helping people",Pharmacist
Student_0558,"My favourite subjects are Mathematics, Art, Geography, Physics","I usually like making models, solving space problems, designing rooms people enjoy, sketching structures, thinking about light and layout, drawing, making things better",Architect
Student_0127,"I like learning Statistics, Maths, Health Science, Chemistry, Environmental Science","In my free time I enjoy comparing data from tests, recording scientific results, finding causes of disease, science experiments",Biomedical Scientist
Student_0478,"Mostly English Literature, Computer Science","testing interfaces, thinking about how users feel, improving user experience, sketching layouts, communication",UI/UX Designer
Student_0854,"I like learning English Literature, Business Studies","planning a business, taking smart risks, turning problems into opportunities, communication",Entrepreneur
Student_0466,"I like learning Computing, Art","I usually like choosing colours and typography, designing clean app screens, sketching layouts, drawing",UI/UX Designer
Student_0867,"Mostly Art, Media Studies","In my free time I enjoy understanding social media trends, testing what audience likes, promoting events, checking engagement data, technology",Digital Marketer
Student_0097,"I enjoy Biology, Statistics, Psychology, Health Science, English","I enjoy understanding why people behave differently, reading about emotions, asking thoughtful questions, listening to people's problems, research, watching documentaries, detail work",Psychologist
Student_1078,"I like learning Chemistry, Environmental Science","I usually like learning about crops, solving food production problems, improving farming methods, tracking plant growth, science experiments",Agriculture Technologist
Student_0105,"Biology, Psychology, English Literature, Statistics","I usually like researching mental health, reading about emotions, explaining ideas with empathy, understanding why people behave differently, asking thoughtful questions, communication, design",Psychologist
Student_0914,"I like learning Social Studies, History, Psychology, Health Science","working with different groups, supporting people through problems, connecting people with help, helping people feel safe, research",Social Worker
Student_0228,"Chemistry, Mathematics, Biology","studying fish behaviour, working outdoors near water, watching documentaries about the sea, understanding marine conservation, research",Marine Biologist
Student_0998,"Mostly Psychology, PE, Biology","In my free time I enjoy studying game strategy, giving clear feedback, watching performance closely, communication",Sports Coach
Student_0774,"I like learning Mathematics, Economics, Accounting","comparing costs, checking numbers carefully, tracking expenses, finding mistakes in calculations, problem solving, helping friends",Accountant
Student_1035,"Mostly English, Media Studies","In my free time I enjoy working with people from different places, organising bookings, creating fun itineraries, promoting destinations, business",Tourism Manager
Student_0602,"I like learning Art, Media Studies, Digital Technology","turning messages into designs, choosing colours, making social media graphics, editing images, communication",Graphic Designer
Student_0264,"Mostly Biology, Statistics, Physics","I usually like using lab techniques, connecting science to investigations, solving mysteries with evidence, analysing samples, research",Forensic Scientist
Student_0781,"My favourite subjects are Economics, Maths, Business, Statistics","I am interested in planning budgets, checking numbers carefully, comparing costs, maths",Accountant
Student_0754,"Mostly Textiles, Media Studies, Business","I like sketching outfits, following style trends, creating wearable designs, projects",Fashion Designer
Student_0706,"I like learning English, Politics, Media Studies, History","I like explaining news simply, interviewing people, taking notes quickly, checking facts, communication",Journalist
Student_0214,"I enjoy Chemistry, Geography, Mathematics, Biology","In my free time I enjoy learning about climate change, solving sustainability problems, researching ecosystems, collecting field data, data",Environmental Scientist
Student_0222,"Geography, Chemistry","In my free time I enjoy protecting coral reefs, studying fish behaviour, watching documentaries about the sea, animals, making things better",Marine Biologist
Student_0210,"I like learning Geography, Biology, Statistics, Chemistry","I usually like collecting field data, testing water quality, learning about climate change, studying pollution, nature",Environmental Scientist
Student_0245,"My favourite subjects are Chemistry, Statistics, Physics","I enjoy analysing samples, solving mysteries with evidence, noticing tiny details, following clues logically, research",Forensic Scientist
Student_0710,"Media Studies, English Literature, Politics, Social Studies","I am interested in writing stories, checking facts, asking good questions, writing",Journalist
Student_0892,"Mostly Business Studies, Media Studies, English Literature","I like keeping people on track, working with groups, solving last minute problems, planning",Event Planner
Student_0655,"I enjoy English Literature, Media Studies, Art, Chemistry","choosing music for scenes, adding effects, fixing timing, creating trailers and short films, creativity",Film Editor
Student_0876,"I enjoy Media Studies, Digital Technology, Business Studies","I enjoy promoting events, designing posts, checking engagement data, understanding social media trends, business",Digital Marketer
Student_0039,"Psychology, English Literature, Health Science","I am interested in following health instructions, helping patients understand what is happening, comforting people when they are nervous, staying organised during busy tasks, caring for people, helping people",Nurse
Student_0697,"I enjoy Social Studies, Politics, Statistics","I enjoy writing stories, telling real stories clearly, explaining news simply, asking good questions, storytelling, doing group projects, helping people",Journalist
Student_0064,"My favourite subjects are Biology, Mathematics","checking details carefully, helping people choose safe options, mixing and measuring accurately, understanding how medicines work, organising information, careful reading, working with classmates",Pharmacist
Student_0625,"Mostly Design Technology, Media Studies, English, Art","I like designing visual stories, making scenes feel expressive, drawing storyboards, projects, solving challenges, technology",Animator
Student_1018,"Computing, Maths","I like staying calm under pressure, reading maps, learning about aircraft, using flight simulations, making quick but careful decisions, technology",Pilot
Student_0138,"I like learning Health Science, Maths, Biology","I am interested in investigating how cells work, comparing data from tests, finding causes of disease, running experiments carefully, careful observation",Biomedical Scientist
Student_0340,"Mostly English, Digital Technology","In my free time I enjoy finding security weaknesses, following digital clues, solving online mysteries, logic puzzles",Cybersecurity Analyst
Student_0929,"Mostly English Literature, Health Science, Psychology, Social Studies","I like connecting people with help, understanding family and community issues, standing up for fairness, helping people feel safe, listening without judging, people skills, problem solving",Social Worker
Student_0959,"I like learning Economics, English Literature, Social Studies, Psychology","I usually like planning staff activities, understanding motivation, helping teams work better, people skills",Human Resources Manager
Student_0532,"Physics, Design Technology, Engineering, Computer Science","In my free time I enjoy working with circuits, understanding power systems, building small devices, fixing electrical problems, problem solving",Electrical Engineer
Student_0513,"Mostly Design Technology, Maths, Physics","In my free time I enjoy testing prototypes, fixing engines, using tools, building practical devices, hands-on projects, research",Mechanical Engineer
Student_0769,"I enjoy Business Studies, Accounting, Economics, Statistics, Chemistry","organising financial records, helping people make responsible money decisions, comparing costs, checking numbers carefully, working with spreadsheets, detail work, doing group projects, creativity",Accountant
Student_1003,"I enjoy Health Science, English, Psychology, Biology, Chemistry","studying game strategy, watching performance closely, building confidence through practice, helping people improve fitness, health topics",Sports Coach
Student_0981,"I like learning Health Science, Business Studies, Art","cooking under pressure, understanding ingredients, decorating food, creating recipes, planning menus, health topics, presenting ideas",Chef
Student_0112,"I like learning Health Science, English, Biology","I like asking thoughtful questions, helping friends think through choices, understanding why people behave differently, reading about emotions, explaining ideas with empathy, writing, joining school activities",Psychologist
Student_0232,"Geography, Environmental Science, Mathematics","I enjoy understanding marine conservation, working outdoors near water, studying fish behaviour, researching ecosystems, careful observation, asking questions",Marine Biologist
Student_0699,"Politics, Social Studies, Media Studies","I usually like explaining news simply, writing stories, taking notes quickly, interviewing people, people skills",Journalist
Student_0518,"Maths, Design Technology, Engineering","I am interested in using tools, solving mechanical problems, building practical devices, designing moving parts, maths",Mechanical Engineer
Student_0544,"My favourite subjects are Maths, Design Technology, Engineering","I like making technology reliable, building small devices, working with circuits, hands-on projects, trying creative ideas",Electrical Engineer
Student_0590,"I like learning Engineering, Geography, Maths","I usually like researching wind and water power, testing efficient technology, designing clean energy systems, problem solving",Renewable Energy Engineer
Student_0526,"My favourite subjects are Computing, Engineering, Mathematics","building practical devices, improving performance, testing prototypes, solving mechanical problems, hands-on projects",Mechanical Engineer
Student_0704,"Mostly English, Social Studies, History","researching different viewpoints, writing stories, taking notes quickly, asking good questions, people skills",Journalist
Student_0287,"I like learning Mathematics, Business, Biology","checking hygiene standards, understanding nutrition labels, combining science with food ideas, improving food packaging, health topics",Food Technologist
Student_0422,"I enjoy Digital Technology, Mathematics, Physics","I like coding sensors, combining hardware and software, testing robots, designing automated systems, maths",Robotics Engineer
Student_1060,"Agriculture, Chemistry","I enjoy using technology outdoors, solving food production problems, testing soil, data",Agriculture Technologist
Student_0821,"Maths, Social Studies, Education","I enjoy being patient with questions, helping classmates learn, communicating clearly, people skills",Teacher
Student_0796,"I enjoy History, Business Studies, Social Studies","I enjoy building strong arguments, reading rules carefully, explaining rights, debating ideas, researching cases, research",Lawyer
Student_0087,"I enjoy PE, Biology, English Literature","I like watching sports techniques, helping people recover from injuries, learning about muscles and movement, encouraging people to keep practising, explaining body movement, sports",Physiotherapist
Student_0866,"Business, Digital Technology, Art","I usually like promoting events, combining creativity with analytics, making online campaigns, testing what audience likes, data",Digital Marketer
Student_0024,"Chemistry, Health Science, Psychology","I like understanding symptoms, reading about diseases, working carefully under pressure, talking to people",Doctor
Student_0197,"I like learning Geography, Chemistry, Statistics","I am interested in solving sustainability problems, testing water quality, collecting field data, protecting the environment, data",Environmental Scientist
Student_0301,"I enjoy English, Computer Science, Physics, Art","In my free time I enjoy making tools for friends, thinking logically, solving bugs, building websites, projects",Software Developer
Student_0702,"I enjoy History, English Literature, Politics","I like researching different viewpoints, writing stories, asking good questions, taking notes quickly, research, watching documentaries",Journalist
Student_0976,"Mostly Health Science, Art","In my free time I enjoy cooking under pressure, decorating food, working quickly in a team, understanding ingredients, creativity, doing group projects",Chef
Student_0349,"Digital Technology, Physics, Economics","I enjoy checking suspicious links, learning about passwords and networks, thinking like an attacker ethically, research",Cybersecurity Analyst
Student_0721,"I enjoy Design Technology, Art, Mathematics","In my free time I enjoy making people feel comfortable on camera, taking creative photos, working with lighting, choosing angles, detail work, watching documentaries, coding",Photographer
Student_0692,"Computer Science, Media Studies, Physics, Music","I usually like editing audio, mixing beats, learning music software, listening skills",Music Producer
Student_0235,"I enjoy Maths, Geography, Biology, Chemistry, Mathematics","I enjoy working outdoors near water, learning about ocean life, protecting coral reefs, animals",Marine Biologist
Student_0413,"My favourite subjects are Maths, Design Technology","I enjoy coding sensors, designing automated systems, working with circuits, combining hardware and software, problem solving",Robotics Engineer
Student_0192,"I enjoy Biology, Agriculture, English Literature","In my free time I enjoy understanding diseases in animals, solving health problems for animals, explaining animal care, biology",Veterinarian
Student_0849,"I enjoy English, Digital Technology, Mathematics","I enjoy promoting products, starting small projects, making decisions quickly, turning problems into opportunities, solving customer problems, creativity, technology",Entrepreneur
Student_0298,"Mostly Digital Technology, English Literature, Design Technology, Mathematics","In my free time I enjoy automating boring tasks, solving bugs, coding small apps, learning programming languages, problem solving",Software Developer
Student_0383,"My favourite subjects are Economics, Business, Mathematics","I usually like spotting trends, turning data into decisions, comparing survey answers, maths",Data Analyst
Student_0785,"Economics, Accounting, Maths","finding mistakes in calculations, planning budgets, checking numbers carefully, tracking expenses, responsibility, maths",Accountant
Student_0161,"My favourite subjects are Art, Maths, Health Science","I usually like fixing practical problems, working carefully with small details, being precise with tools, science, maths",Dentist
Student_0711,"I like learning History, Politics, English Literature","researching different viewpoints, taking notes quickly, interviewing people, checking facts, writing",Journalist
Student_1028,"Mostly Physics, Computing, Mathematics","I am interested in staying calm under pressure, using flight simulations, following checklists, responsibility",Pilot
Student_0299,"I enjoy English Literature, Computing, Design Technology","I usually like learning programming languages, building websites, coding small apps, turning ideas into software, projects, organising notes",Software Developer
Student_0400,"I enjoy Art, Design Technology, Maths","I like creating characters, fixing game bugs, thinking about player experience, balancing difficulty, coding interactive challenges, drawing, watching documentaries",Game Developer
Student_0855,"Mostly Business, English, Maths, Digital Technology","I usually like turning problems into opportunities, making decisions quickly, selling ideas, solving customer problems, problem solving",Entrepreneur
Student_0474,"I like learning Art, English Literature, Design Technology","I am interested in thinking about how users feel, testing interfaces, choosing colours and typography, improving user experience, creativity",UI/UX Designer
Student_0903,"My favourite subjects are Art, English Literature, Media Studies","I usually like solving last minute problems, working with groups, decorating spaces, managing budgets, planning",Event Planner
Student_0258,"I like learning Statistics, Maths, Chemistry, Biology","I usually like testing fingerprints, noticing tiny details, recording facts carefully, problem solving",Forensic Scientist
Student_1041,"Mostly English Literature, Business Studies, Geography","I enjoy welcoming visitors, planning travel experiences, promoting destinations, communication, nature",Tourism Manager
Student_0107,"My favourite subjects are Biology, Psychology","I like explaining ideas with empathy, reading about emotions, understanding why people behave differently, listening to people's problems, asking thoughtful questions, people skills, doing group projects",Psychologist
Student_0220,"I enjoy Geography, Mathematics","In my free time I enjoy working outdoors near water, collecting water samples, researching ecosystems, careful observation",Marine Biologist
Student_1034,"Mostly Geography, Business Studies, Media Studies","In my free time I enjoy creating fun itineraries, organising bookings, working with people from different places, business",Tourism Manager
Student_0750,"Media Studies, Business","I usually like following style trends, creating wearable designs, making patterns, turning ideas into clothes, choosing fabrics, creativity, making things better",Fashion Designer
Student_0378,"Computing, Statistics, Maths","I usually like making charts, cleaning messy data, turning data into decisions, comparing survey answers, spotting trends, maths",Data Analyst
Student_0134,"I like learning Biology, Chemistry, Health Science","I enjoy running experiments carefully, finding causes of disease, investigating how cells work, testing samples, science experiments",Biomedical Scientist
Student_0430,"I like learning Physics, Computing","I like coding sensors, testing robots, designing automated systems, working with circuits, fixing mechanical problems, maths",Robotics Engineer
Student_0745,"I enjoy Art, Business Studies, Economics","I like sketching outfits, choosing fabrics, following style trends, making patterns, business, working with classmates, technology",Fashion Designer
Student_0022,"My favourite subjects are English Literature, Psychology, Biology","I like understanding symptoms, helping people feel better, reading about diseases, staying calm in emergencies, teamwork",Doctor
Student_0163,"My favourite subjects are Biology, Art, Chemistry, Media Studies","I like helping people feel confident, working carefully with small details, being precise with tools, learning about teeth and health, science",Dentist
Student_0305,"I like learning Physics, English, Computing, Mathematics","I like automating boring tasks, thinking logically, solving bugs, building websites, technology, maths",Software Developer
Student_0418,"Design Technology, Mathematics, Engineering","I am interested in making devices respond to movement, testing robots, coding sensors, designing automated systems, technology",Robotics Engineer
Student_1044,"I enjoy English Literature, Social Studies, Geography, Business Studies","promoting destinations, organising bookings, planning travel experiences, creating fun itineraries, planning",Tourism Manager
Student_0683,"Computer Science, Physics, Music, Business","I am interested in editing audio, creating melodies, recording sounds, projects, watching documentaries",Music Producer
Student_0686,"Mostly Computing, Physics, Business Studies","In my free time I enjoy helping songs sound polished, editing audio, recording sounds, learning music software, balancing rhythm and mood, listening skills",Music Producer
Student_0661,"Mostly Drama, Computer Science, Art, Media Studies, Chemistry","I enjoy cutting videos, choosing music for scenes, creating trailers and short films, telling stories through clips, projects",Film Editor
Student_0586,"Geography, Engineering","I am interested in improving energy use, solving climate problems, learning about solar power, building practical solutions for the future, experiments",Renewable Energy Engineer
Student_0860,"Mostly Business, English Literature, Economics, Digital Technology","In my free time I enjoy taking smart risks, solving customer problems, promoting products, starting small projects, communication",Entrepreneur
Student_0806,"I enjoy English Literature, Business Studies, History, Politics","I usually like speaking confidently, looking at both sides of a situation, solving disputes fairly, research",Lawyer
Student_1022,"English Literature, Digital Technology, Geography, Maths","I usually like staying calm under pressure, understanding weather, following checklists, reading maps, learning about aircraft, maths",Pilot
Student_0695,"Physics, Computing","In my free time I enjoy experimenting with sound effects, helping songs sound polished, mixing beats, projects",Music Producer
Student_0634,"Mostly Art, Media Studies, Design Technology","In my free time I enjoy creating short animations, making scenes feel expressive, designing visual stories, editing motion, creativity",Animator
Student_0747,"Mostly Business, Textiles, Art","making patterns, turning ideas into clothes, mixing creativity with branding, sketching outfits, drawing",Fashion Designer
Student_0714,"I like learning Politics, Social Studies, English, Media Studies","I like taking notes quickly, writing stories, interviewing people, telling real stories clearly, checking facts, writing",Journalist
Student_0145,"Biology, Art, Chemistry, Statistics","I enjoy fixing practical problems, helping people feel confident, learning about teeth and health, being precise with tools, working carefully with small details, health topics, trying creative ideas, projects",Dentist
Student_0068,"Mostly Chemistry, Biology, Health Science, Maths","I like understanding how medicines work, learning about side effects, mixing and measuring accurately, reading medicine labels, helping people",Pharmacist
Student_0690,"I like learning Media Studies, Music, Business Studies, Physics","In my free time I enjoy balancing rhythm and mood, recording sounds, learning music software, creating melodies, technology",Music Producer
Student_0159,"I enjoy Biology, Chemistry","I am interested in fixing practical problems, explaining hygiene habits, working carefully with small details, being precise with tools, combining science with careful design, helping people",Dentist
Student_0249,"Physics, Maths","recording facts carefully, connecting science to investigations, solving mysteries with evidence, following clues logically, research, careful observation",Forensic Scientist
Student_0909,"I enjoy English Literature, Media Studies, Business Studies, Art","I like keeping people on track, organising events, planning schedules, decorating spaces, leadership, joining school activities",Event Planner
Student_0410,"I enjoy Physics, Engineering, Maths, Design Technology","making devices respond to movement, designing automated systems, working with circuits, coding sensors, experiments",Robotics Engineer
Student_0066,"My favourite subjects are English, Health Science","I am interested in organising information, reading medicine labels, mixing and measuring accurately, explaining instructions clearly, numbers",Pharmacist
Student_0894,"Mostly Art, Media Studies, English","I usually like working with groups, solving last minute problems, keeping people on track, planning schedules, managing budgets, creativity, presenting ideas",Event Planner
Student_1053,"Media Studies, Geography, Business Studies, English Literature","I usually like creating fun itineraries, working with people from different places, welcoming visitors, promoting destinations, planning, working with classmates",Tourism Manager
Student_0193,"Maths, Biology, Environmental Science","I like working with maps, collecting field data, researching ecosystems, studying pollution, learning about climate change, nature, doing group projects, communication",Environmental Scientist
Student_0736,"I like learning Art, Physics, Media Studies, Design Technology","In my free time I enjoy noticing small visual details, taking creative photos, choosing angles, communication, doing group projects",Photographer
Student_0388,"Mostly Mathematics, Art, Digital Technology, Design Technology","I am interested in balancing difficulty, thinking about player experience, designing game levels, creativity",Game Developer
Student_0199,"My favourite subjects are Biology, Statistics, Textiles","I enjoy testing water quality, studying pollution, protecting the environment, collecting field data, learning about climate change, science experiments",Environmental Scientist
Student_0826,"Mostly Psychology, English, Maths, Social Studies","I like explaining hard topics simply, making lessons fun, encouraging younger students, planning activities, creativity",Teacher
Student_0255,"I like learning Biology, Maths, Statistics, Chemistry","I am interested in connecting science to investigations, solving mysteries with evidence, recording facts carefully, analysing samples, following clues logically, problem solving",Forensic Scientist
Student_0511,"I like learning Digital Technology, Physics, Chemistry","In my free time I enjoy solving mechanical problems, fixing engines, building practical devices, designing moving parts, experiments",Mechanical Engineer
Student_0486,"My favourite subjects are Mathematics, Engineering","I usually like improving roads and spaces, solving construction problems, reading maps and plans, thinking about safe buildings, maths, doing group projects",Civil Engineer
Student_0561,"I like learning Physics, Geography, Maths, Design Technology","I usually like solving space problems, planning spaces, making models, drawing building designs, maths, careful observation",Architect
Student_0182,"I enjoy Agriculture, Biology, Chemistry","explaining animal care, learning about animal behaviour, working outdoors sometimes, solving health problems for animals, science experiments",Veterinarian
Student_0660,"Mostly English Literature, Computing, Drama","In my free time I enjoy making dramatic moments land, adding effects, organising footage, telling stories through clips, choosing music for scenes, technology",Film Editor
Student_0265,"I enjoy Business Studies, Food Technology, Biology, Chemistry","I usually like mixing ingredients accurately, checking hygiene standards, creating new recipes safely, understanding nutrition labels, detail work, learning new tools, coaching",Food Technologist
Student_1063,"I enjoy Biology, Computer Science, Agriculture, English","I am interested in improving farming methods, learning about crops, testing soil, technology",Agriculture Technologist
Student_0797,"My favourite subjects are Business, Politics","I am interested in solving disputes fairly, researching cases, reading rules carefully, communication",Lawyer
Student_0835,"My favourite subjects are Psychology, Social Studies, Maths, English","I like being patient with questions, encouraging younger students, making lessons fun, creativity",Teacher
Student_0006,"Mostly English Literature, Chemistry, Psychology","I like reading about diseases, explaining health advice clearly, helping people feel better, understanding symptoms, science experiments, watching documentaries",Doctor
Student_0757,"My favourite subjects are Business Studies, Media Studies, Art, Textiles","I like sketching outfits, planning colour combinations, following style trends, mixing creativity with branding, projects",Fashion Designer
Student_0875,"Media Studies, Business, English","I enjoy promoting events, making online campaigns, understanding social media trends, combining creativity with analytics, communication, asking questions",Digital Marketer
Student_0570,"I like learning Maths, Art, Physics, Geography","I usually like thinking about light and layout, making models, solving space problems, designing rooms people enjoy, design",Architect
Student_0128,"Statistics, Chemistry, Mathematics","I enjoy finding causes of disease, comparing data from tests, running experiments carefully, working in a lab, testing samples, research",Biomedical Scientist
Student_0542,"Physics, Engineering, Computing, Design Technology","I am interested in making technology reliable, building small devices, understanding power systems, hands-on projects",Electrical Engineer
Student_0259,"I like learning Chemistry, Physics, Computer Science","I usually like noticing tiny details, recording facts carefully, connecting science to investigations, careful observation",Forensic Scientist
Student_1024,"Mostly Maths, English Literature, Geography, Physics","I am interested in following checklists, paying attention to instruments, staying calm under pressure, problem solving, solving challenges",Pilot
Student_0984,"I enjoy Chemistry, Art, Health Science","I enjoy creating recipes, making meals people enjoy, testing flavours, creativity",Chef
Student_0049,"Maths, Chemistry, Health Science, Biology","reading medicine labels, organising information, helping people choose safe options, explaining instructions clearly, careful reading, doing group projects, maths",Pharmacist
Student_0275,"Biology, Food Technology","In my free time I enjoy checking hygiene standards, improving food packaging, combining science with food ideas, solving shelf life problems, health topics, watching documentaries",Food Technologist
Student_0063,"Chemistry, Health Science, Biology","I usually like helping people choose safe options, explaining instructions clearly, mixing and measuring accurately, organising information, helping people",Pharmacist
Student_0067,"I enjoy Health Science, Mathematics, Social Studies","In my free time I enjoy helping people choose safe options, mixing and measuring accurately, explaining instructions clearly, organising information, health topics",Pharmacist
Student_0129,"I enjoy Health Science, Mathematics","I usually like using microscopes, investigating how cells work, recording scientific results, running experiments carefully, comparing data from tests, science experiments, animals",Biomedical Scientist
Student_0190,"Mostly Chemistry, Health Science, Biology","I usually like solving health problems for animals, helping injured pets, staying gentle and calm, learning about animal behaviour, science experiments",Veterinarian
Student_0539,"Physics, Engineering","I usually like working with circuits, testing electronics, designing control systems, making technology reliable, understanding power systems, experiments, joining school activities",Electrical Engineer
Student_0831,"I like learning Education, Social Studies, Maths","I am interested in being patient with questions, organising group work, communicating clearly, planning activities, helping classmates learn, creativity",Teacher
Student_0943,"Economics, Business Studies, Social Studies, Biology","solving workplace issues, making fair decisions, planning staff activities, keeping records organised, communication",Human Resources Manager
Student_0018,"I like learning English, Psychology","I enjoy helping people feel better, staying calm in emergencies, learning how the human body works, talking to people",Doctor
Student_0364,"I like learning Business, Economics, Statistics","I enjoy using spreadsheets, explaining results simply, cleaning messy data, presenting information",Data Analyst
Student_0633,"Design Technology, Computer Science, Media Studies, English","I enjoy making scenes feel expressive, drawing storyboards, using creative software, editing motion, creating short animations, creativity, maths",Animator
Student_0997,"My favourite subjects are Psychology, Physical Education, English","I enjoy motivating players, planning drills, giving clear feedback, teamwork",Sports Coach
Student_1029,"I enjoy Mathematics, Digital Technology, Physics","I enjoy using flight simulations, reading maps, learning about aircraft, making quick but careful decisions, responsibility, doing group projects",Pilot
Student_0629,"My favourite subjects are Digital Technology, Media Studies","using creative software, creating short animations, making scenes feel expressive, drawing",Animator
Student_0617,"My favourite subjects are Art, Design Technology","I like making social media graphics, experimenting with layouts, creating posters, creativity, nature",Graphic Designer
Student_0421,"My favourite subjects are Maths, Design Technology, Physics, Computing, Chemistry","I like fixing mechanical problems, testing robots, making devices respond to movement, coding sensors, combining hardware and software, problem solving",Robotics Engineer
Student_0982,"Mostly Health Science, Chemistry, Business","I usually like working quickly in a team, making meals people enjoy, testing flavours, health topics",Chef
Student_0213,"Geography, Mathematics","I enjoy studying pollution, researching ecosystems, working with maps, solving sustainability problems, data, organising notes",Environmental Scientist
Student_0417,"My favourite subjects are Design Technology, Physics, Computing","I usually like testing robots, coding sensors, building moving machines, experiments, communication",Robotics Engineer
Student_0990,"Mostly Health Science, Physical Education","helping people improve fitness, watching performance closely, planning drills, training teams, motivating players, health topics, watching documentaries",Sports Coach
Student_0482,"I like learning Geography, Physics, Maths, Design Technology","I like solving construction problems, designing bridges, working with measurements, reading maps and plans, planning",Civil Engineer
Student_0641,"My favourite subjects are Computer Science, English, Media Studies, Art","I enjoy designing visual stories, making scenes feel expressive, thinking about timing and movement, using creative software, projects, design",Animator
Student_0041,"Mostly Social Studies, Biology, Health Science, Psychology","I am interested in following health instructions, caring for people, being patient and practical, helping patients understand what is happening, teamwork, leadership",Nurse
Student_0732,"Mostly Media Studies, English","I usually like editing images, making people feel comfortable on camera, telling stories through pictures, noticing small visual details, creativity",Photographer
Student_1057,"My favourite subjects are Computing, Biology, Digital Technology","testing soil, solving food production problems, improving farming methods, using technology outdoors, technology, helping friends, leadership",Agriculture Technologist
Student_0043,"I like learning Biology, Psychology, Chemistry","I usually like helping patients understand what is happening, checking on others, working in a team, following health instructions, teamwork",Nurse
Student_0748,"Mostly Textiles, Art","I usually like following style trends, mixing creativity with branding, making patterns, sketching outfits, planning colour combinations, creativity",Fashion Designer
Student_1021,"My favourite subjects are English, Mathematics, Geography, Health Science","In my free time I enjoy reading maps, following checklists, paying attention to instruments, technology",Pilot
Student_0865,"Computer Science, English Literature, Media Studies, Business Studies","I usually like understanding social media trends, promoting events, checking engagement data, testing what audience likes, business, making things better, helping people",Digital Marketer
Student_0804,"Social Studies, Business","I am interested in researching cases, speaking confidently, explaining rights, people skills",Lawyer
Student_0175,"Chemistry, Health Science, Agriculture, Biology","I usually like explaining animal care, understanding diseases in animals, caring for animals, learning about animal behaviour, working outdoors sometimes, careful observation",Veterinarian
Student_0318,"My favourite subjects are Physics, Statistics, Data Science, Maths","I like working with algorithms, learning about machine learning, testing predictions, experimenting with data, coding, making things better",AI Engineer
Student_0375,"My favourite subjects are Computer Science, Mathematics","In my free time I enjoy finding patterns in numbers, spotting trends, using spreadsheets, explaining results simply, making charts, technology",Data Analyst
Student_0838,"Mostly Psychology, Social Studies, Maths","I enjoy being patient with questions, organising group work, communicating clearly, encouraging younger students, making lessons fun, creativity",Teacher
Student_0836,"Mostly Psychology, Education, English Literature","I usually like organising group work, communicating clearly, explaining hard topics simply, planning activities, being patient with questions, people skills",Teacher
Student_0379,"I like learning Statistics, Computing, Geography","In my free time I enjoy cleaning messy data, finding patterns in numbers, turning data into decisions, explaining results simply, problem solving",Data Analyst
Student_0933,"I like learning Social Studies, Psychology, History, Health Science","I enjoy supporting people through problems, being patient during hard conversations, listening without judging, understanding family and community issues, working with different groups, helping people, working with classmates",Social Worker
Student_0234,"I enjoy Biology, Environmental Science, Maths","I like understanding marine conservation, watching documentaries about the sea, collecting water samples, learning about ocean life, nature",Marine Biologist
Student_0524,"I like learning Physics, Maths, Computing","In my free time I enjoy using tools, testing prototypes, understanding how machines work, fixing engines, hands-on projects",Mechanical Engineer
Student_1067,"Environmental Science, Biology","In my free time I enjoy improving farming methods, tracking plant growth, testing soil, nature, working with classmates",Agriculture Technologist
Student_0153,"I enjoy Health Science, Chemistry, Mathematics, Art","I enjoy explaining hygiene habits, combining science with careful design, being precise with tools, communication, storytelling",Dentist
Student_0423,"I enjoy Digital Technology, Mathematics, Engineering","I usually like combining hardware and software, making devices respond to movement, working with circuits, maths",Robotics Engineer
Student_1065,"Chemistry, Biology, Geography","In my free time I enjoy testing soil, tracking plant growth, learning about crops, using technology outdoors, data, creativity",Agriculture Technologist
Student_1070,"I enjoy Geography, Biology, Agriculture, Chemistry","In my free time I enjoy solving food production problems, testing soil, using technology outdoors, science experiments",Agriculture Technologist
Student_0577,"I like learning Physics, Engineering, Geography, Environmental Science","I am interested in solving climate problems, learning about solar power, improving energy use, designing clean energy systems, experiments, joining school activities, communication",Renewable Energy Engineer
Student_0869,"Mostly Media Studies, English","I am interested in checking engagement data, designing posts, promoting events, writing catchy captions, data",Digital Marketer
Student_0415,"I enjoy Design Technology, Mathematics, Computer Science, English","fixing mechanical problems, building moving machines, testing robots, combining hardware and software, working with circuits, technology",Robotics Engineer
Student_1061,"Mostly Chemistry, Digital Technology","solving food production problems, improving farming methods, learning about crops, working with sensors and data, science experiments",Agriculture Technologist
Student_0543,"Mostly Physics, Computing, Mathematics","building small devices, understanding power systems, working with circuits, fixing electrical problems, designing control systems, maths",Electrical Engineer
Student_0282,"Biology, Food Technology, Business","I like combining science with food ideas, mixing ingredients accurately, testing food quality, creating new recipes safely, problem solving",Food Technologist
Student_0529,"My favourite subjects are Maths, Design Technology, Digital Technology, Psychology","In my free time I enjoy working with circuits, building small devices, making technology reliable, understanding power systems, measuring signals, maths, solving challenges, responsibility",Electrical Engineer
Student_0742,"I like learning Media Studies, Design Technology, English","editing images, capturing events, choosing angles, working with lighting, creativity",Photographer
Student_0371,"I enjoy Business Studies, Digital Technology, Maths","I like spotting trends, comparing survey answers, explaining results simply, turning data into decisions, maths, learning new tools",Data Analyst
Student_0091,"Mostly Health Science, English, Psychology, Physics","In my free time I enjoy planning exercise routines, watching sports techniques, learning about muscles and movement, helping people recover from injuries, health topics",Physiotherapist
Student_0350,"My favourite subjects are English, Physics, Digital Technology","I am interested in checking suspicious links, learning about passwords and networks, following digital clues, protecting accounts, technology",Cybersecurity Analyst
Student_0947,"I like learning Business Studies, Economics, Social Studies","I am interested in keeping records organised, understanding motivation, planning staff activities, organising interviews, responsibility, solving challenges",Human Resources Manager
Student_0354,"Digital Technology, Physics","I usually like thinking like an attacker ethically, protecting accounts, following digital clues, finding security weaknesses, checking suspicious links, problem solving",Cybersecurity Analyst
Student_0387,"Physics, Design Technology, Computing","I usually like thinking about player experience, fixing game bugs, testing gameplay, designing game levels, drawing",Game Developer
Student_0252,"Physics, Mathematics, Chemistry","using lab techniques, recording facts carefully, connecting science to investigations, analysing samples, data",Forensic Scientist
Student_0873,"Mostly Media Studies, Art","I like promoting events, checking engagement data, understanding social media trends, combining creativity with analytics, creativity, problem solving",Digital Marketer
Student_0678,"I enjoy Physics, Business, Computing","In my free time I enjoy experimenting with sound effects, mixing beats, helping songs sound polished, recording sounds, balancing rhythm and mood, projects, solving challenges",Music Producer
Student_0003,"Health Science, Biology, English Literature","In my free time I enjoy staying calm in emergencies, explaining health advice clearly, helping people feel better, learning how the human body works, talking to people",Doctor
Student_0051,"I enjoy Health Science, English, Biology, Mathematics","I usually like learning about side effects, mixing and measuring accurately, understanding how medicines work, checking details carefully, careful reading",Pharmacist
Student_1062,"I like learning Chemistry, Agriculture, Environmental Science","protecting land while growing food, improving farming methods, learning about crops, science experiments, solving challenges",Agriculture Technologist
Student_0958,"My favourite subjects are Social Studies, Psychology, Business, English","I like helping teams work better, communicating with different people, solving workplace issues, understanding motivation, communication",Human Resources Manager
Student_0887,"I enjoy Art, Business Studies, English","I am interested in writing catchy captions, making online campaigns, promoting events, understanding social media trends, data",Digital Marketer
Student_0479,"Art, English Literature, Design Technology","I like making buttons easy to understand, choosing colours and typography, turning feedback into better designs, problem solving",UI/UX Designer
Student_0446,"Digital Technology, Mathematics","I like learning how data travels, testing network speed, fixing internet problems, understanding routers, problem solving",Network Engineer
Student_0520,"Mostly Design Technology, Digital Technology, Maths","fixing engines, designing moving parts, using tools, solving mechanical problems, hands-on projects, watching documentaries",Mechanical Engineer
Student_1025,"Mostly Geography, Mathematics, English, Physics","understanding weather, staying calm under pressure, learning about aircraft, responsibility, people skills",Pilot
Student_0481,"My favourite subjects are Physics, Engineering","I enjoy solving construction problems, improving roads and spaces, planning strong structures, reading maps and plans, building models, hands-on projects, joining school activities, problem solving",Civil Engineer
Student_0882,"Media Studies, English, Art","I enjoy making online campaigns, testing what audience likes, understanding social media trends, promoting events, combining creativity with analytics, communication",Digital Marketer
Student_1080,"I enjoy Computing, Chemistry, Agriculture","I enjoy using technology outdoors, improving farming methods, tracking plant growth, working with sensors and data, solving food production problems, science experiments",Agriculture Technologist
Student_0044,"Psychology, Social Studies, English Literature, Health Science","In my free time I enjoy being patient and practical, following health instructions, helping patients understand what is happening, comforting people when they are nervous, teamwork",Nurse
Student_0808,"My favourite subjects are Politics, English Literature, History","In my free time I enjoy researching cases, building strong arguments, solving disputes fairly, research, presenting ideas",Lawyer
Student_0637,"I enjoy Art, Digital Technology, Design Technology","editing motion, drawing storyboards, thinking about timing and movement, drawing",Animator
Student_0514,"Mostly Computer Science, Design Technology, Physics, Mathematics","solving mechanical problems, testing prototypes, fixing engines, improving performance, maths",Mechanical Engineer
Student_0296,"My favourite subjects are English Literature, Design Technology, Physics","I usually like thinking logically, learning programming languages, turning ideas into software, automating boring tasks, technology",Software Developer
Student_0782,"My favourite subjects are Accounting, Business Studies, Statistics, Economics","In my free time I enjoy helping people make responsible money decisions, working with spreadsheets, organising financial records, planning budgets, problem solving",Accountant
Student_0845,"My favourite subjects are English, Digital Technology","I usually like taking smart risks, making decisions quickly, planning a business, solving customer problems, planning",Entrepreneur
Student_0180,"My favourite subjects are Health Science, English, Chemistry, Agriculture","I enjoy working outdoors sometimes, caring for animals, helping injured pets, learning about animal behaviour, nature",Veterinarian
Student_0155,"Mostly Chemistry, Art, Health Science","I enjoy helping people feel confident, being precise with tools, fixing practical problems, health topics, doing group projects",Dentist
Student_0079,"My favourite subjects are English Literature, PE, Health Science, Biology, Business Studies","I usually like learning about muscles and movement, encouraging people to keep practising, solving mobility problems, explaining body movement, helping people recover from injuries, sports",Physiotherapist
Student_0787,"I like learning Business Studies, Statistics, Biology","I enjoy helping people make responsible money decisions, working with spreadsheets, comparing costs, responsibility",Accountant
Student_0535,"Physics, Design Technology, Maths, Mathematics","I like working with circuits, testing electronics, designing control systems, fixing electrical problems, hands-on projects",Electrical Engineer
Student_0956,"I like learning Psychology, English Literature, Social Studies","I usually like communicating with different people, solving workplace issues, organising interviews, planning staff activities, people skills",Human Resources Manager
Student_0295,"I like learning English, Computing, Mathematics","I like thinking logically, solving bugs, coding small apps, building websites, logic puzzles",Software Developer
Student_0489,"Mostly Physics, Design Technology, Geography, Engineering","In my free time I enjoy designing bridges, planning strong structures, building models, improving roads and spaces, planning, creativity",Civil Engineer
Student_0553,"I like learning Mathematics, Physics, Design Technology, Engineering","sketching structures, planning spaces, drawing building designs, making models, creativity, presenting ideas, technology",Architect
Student_0591,"My favourite subjects are Geography, Maths, Engineering","I enjoy working with electricity and sustainability, testing efficient technology, building practical solutions for the future, improving energy use, researching wind and water power, technology",Renewable Energy Engineer
Student_0685,"Mostly Digital Technology, Media Studies, Music, Art","In my free time I enjoy learning music software, experimenting with sound effects, mixing beats, creating melodies, projects",Music Producer
Student_0615,"Computing, Design Technology, Art, English Literature","I am interested in experimenting with layouts, designing logos, making social media graphics, choosing colours, creating posters, technology",Graphic Designer
Student_1071,"Mostly Geography, Agriculture","I like learning about crops, protecting land while growing food, testing soil, using technology outdoors, problem solving",Agriculture Technologist
Student_0833,"Mostly Psychology, Social Studies, English","I am interested in being patient with questions, explaining hard topics simply, making lessons fun, planning activities, helping people, storytelling",Teacher
Student_0559,"Geography, Art, Physics, Design Technology, Statistics","I enjoy sketching structures, combining creativity with measurements, planning spaces, making models, solving space problems, planning",Architect
Student_0088,"My favourite subjects are PE, Health Science, English","explaining body movement, learning about muscles and movement, being active and patient, encouraging people to keep practising, solving mobility problems, helping people, organising notes",Physiotherapist
Student_0164,"Chemistry, Biology","I usually like being precise with tools, working carefully with small details, combining science with careful design, fixing practical problems, learning about teeth and health, communication",Dentist
Student_0964,"Health Science, Chemistry","In my free time I enjoy working quickly in a team, testing flavours, creating recipes, decorating food, teamwork",Chef
Student_0300,"Mostly Digital Technology, Physics, English","In my free time I enjoy learning programming languages, thinking logically, automating boring tasks, creativity",Software Developer
Student_0771,"I enjoy Maths, Statistics","I am interested in comparing costs, finding mistakes in calculations, checking numbers carefully, planning budgets, helping people make responsible money decisions, detail work",Accountant
Student_0297,"Physics, English, Design Technology, Mathematics","I enjoy solving bugs, coding small apps, building websites, learning programming languages, automating boring tasks, creativity, data",Software Developer
Student_0662,"I enjoy Media Studies, Art","I enjoy creating trailers and short films, choosing music for scenes, adding effects, fixing timing, technology",Film Editor
Student_0517,"Engineering, Mathematics, Design Technology, Business Studies","I usually like solving mechanical problems, improving performance, building practical devices, fixing engines, maths",Mechanical Engineer
Student_0814,"My favourite subjects are Social Studies, Politics, Business Studies","I am interested in debating ideas, reading rules carefully, explaining rights, speaking confidently, research",Lawyer
Student_0118,"My favourite subjects are Statistics, Health Science, Biology","I am interested in listening to people's problems, understanding why people behave differently, researching mental health, careful observation",Psychologist
Student_0689,"My favourite subjects are Computing, Physics","I like balancing rhythm and mood, helping songs sound polished, recording sounds, listening skills, careful planning",Music Producer
Student_0389,"I enjoy Art, Physics, Mathematics, Design Technology","I like creating characters, balancing difficulty, building fun mechanics, testing gameplay, technology",Game Developer
Student_0321,"I like learning Maths, Statistics, Data Science, Physics","In my free time I enjoy testing predictions, training models, working with algorithms, learning about machine learning, research",AI Engineer
Student_0362,"My favourite subjects are Statistics, Computer Science","I like cleaning messy data, spotting trends, comparing survey answers, finding patterns in numbers, research",Data Analyst
Student_0154,"I enjoy Chemistry, Maths, Health Science","I am interested in combining science with careful design, fixing practical problems, being precise with tools, using steady hands, science",Dentist
Student_0737,"I like learning Design Technology, Media Studies","In my free time I enjoy taking creative photos, working with lighting, editing images, choosing angles, projects, problem solving",Photographer
Student_0027,"Mostly Health Science, Biology, Social Studies","I am interested in following health instructions, staying organised during busy tasks, working in a team, responsibility",Nurse
Student_0620,"I enjoy Computing, Media Studies","I usually like experimenting with layouts, editing images, creating posters, designing logos, communication",Graphic Designer
Student_0767,"Mostly Design Technology, Business Studies, Media Studies","I usually like making patterns, sketching outfits, following style trends, planning colour combinations, turning ideas into clothes, design",Fashion Designer
Student_0646,"I enjoy English Literature, Design Technology","I enjoy thinking about timing and movement, designing visual stories, editing motion, making scenes feel expressive, creativity",Animator
Student_0807,"My favourite subjects are Business, English Literature, Social Studies","explaining rights, looking at both sides of a situation, researching cases, writing",Lawyer
Student_0059,"I like learning Chemistry, Biology, English Literature, Health Science","I enjoy helping people choose safe options, reading medicine labels, organising information, mixing and measuring accurately, careful reading, making things better",Pharmacist
Student_0381,"My favourite subjects are Business Studies, Digital Technology, Statistics, Economics","I am interested in making charts, spotting trends, comparing survey answers, using spreadsheets, maths, making things better",Data Analyst
Student_0664,"Mostly Drama, English, Media Studies, Art","I am interested in cutting videos, adding effects, fixing timing, technology, learning new tools",Film Editor
Student_0972,"Art, Health Science, Business","I usually like decorating food, creating recipes, planning menus, understanding ingredients, creativity",Chef
Student_0803,"My favourite subjects are Social Studies, Politics, English, Business Studies","I like solving disputes fairly, building strong arguments, researching cases, reading rules carefully, communication, asking questions",Lawyer
Student_0450,"I enjoy Physics, Business Studies","In my free time I enjoy setting up connections, organising systems, understanding routers, testing network speed, careful planning",Network Engineer
Student_0101,"My favourite subjects are Social Studies, Statistics, Biology","I enjoy researching mental health, understanding why people behave differently, noticing patterns in behaviour, asking thoughtful questions, explaining ideas with empathy, careful observation",Psychologist
Student_0825,"I like learning Education, Social Studies, English Literature","I usually like planning activities, explaining hard topics simply, communicating clearly, helping people, creativity",Teacher
Student_0493,"Design Technology, Maths, English","I am interested in designing bridges, building models, thinking about safe buildings, solving construction problems, hands-on projects",Civil Engineer
Student_0195,"I enjoy Mathematics, Geography","studying pollution, testing water quality, working with maps, learning about climate change, researching ecosystems, nature",Environmental Scientist
Student_0705,"My favourite subjects are History, English, Politics","I enjoy checking facts, explaining news simply, asking good questions, interviewing people, researching different viewpoints, storytelling, careful observation",Journalist
Student_0085,"I like learning Biology, English Literature, Health Science, Design Technology","solving mobility problems, planning exercise routines, being active and patient, explaining body movement, helping people",Physiotherapist
Student_0084,"Mostly English, Biology, Health Science, PE","solving mobility problems, helping people recover from injuries, learning about muscles and movement, being active and patient, helping people",Physiotherapist
Student_0600,"I enjoy Geography, Physics, Maths","I like researching wind and water power, solving climate problems, building practical solutions for the future, improving energy use, problem solving",Renewable Energy Engineer
Student_0653,"Digital Technology, Media Studies, Drama, Art","adding effects, choosing music for scenes, organising footage, projects",Film Editor
Student_0828,"Mostly Education, Psychology","In my free time I enjoy helping classmates learn, communicating clearly, encouraging younger students, people skills",Teacher
Student_0761,"I enjoy Art, Textiles, Design Technology, Media Studies","I enjoy choosing fabrics, creating wearable designs, mixing creativity with branding, following style trends, design, technology",Fashion Designer
Student_0776,"Business Studies, Accounting, Statistics, Economics","I am interested in organising financial records, working with spreadsheets, tracking expenses, planning budgets, helping people make responsible money decisions, problem solving",Accountant
Student_0931,"I enjoy Health Science, History, Psychology, English Literature, Design Technology","I usually like connecting people with help, being patient during hard conversations, standing up for fairness, listening without judging, working with different groups, people skills",Social Worker
Student_0331,"My favourite subjects are Computer Science, Physics, Statistics, Data Science, Health Science","I like learning about machine learning, testing predictions, working with algorithms, understanding patterns in data, experimenting with data, research",AI Engineer
Student_0970,"Art, Food Technology","I am interested in decorating food, planning menus, testing flavours, working quickly in a team, detail work",Chef
Student_0032,"Social Studies, Biology, English","I enjoy comforting people when they are nervous, helping patients understand what is happening, checking on others, working in a team, health topics",Nurse
Student_0741,"I like learning Physics, Design Technology","I usually like working with lighting, telling stories through pictures, capturing events, noticing small visual details, technology, trying creative ideas",Photographer
Student_0830,"Mostly Social Studies, Education","planning activities, encouraging younger students, communicating clearly, communication",Teacher
Student_0884,"My favourite subjects are Art, English Literature, Media Studies","In my free time I enjoy combining creativity with analytics, promoting events, making online campaigns, writing catchy captions, designing posts, creativity",Digital Marketer
Student_0025,"I enjoy Psychology, Health Science, Biology, Mathematics","I enjoy checking on others, staying organised during busy tasks, following health instructions, comforting people when they are nervous, responsibility, working with classmates, science experiments",Nurse
Student_0708,"My favourite subjects are Media Studies, Politics, English, Social Studies","I like writing stories, asking good questions, interviewing people, communication",Journalist
Student_0681,"I enjoy Music, Media Studies, Business Studies","experimenting with sound effects, helping songs sound polished, creating melodies, learning music software, technology, planning",Music Producer
Student_0794,"My favourite subjects are Politics, English Literature, Business Studies","building strong arguments, speaking confidently, researching cases, explaining rights, looking at both sides of a situation, communication",Lawyer
Student_0028,"Mostly Biology, Social Studies, English","I usually like helping patients understand what is happening, staying organised during busy tasks, working in a team, teamwork",Nurse
Student_0799,"Mostly English, History, Politics, Mathematics","I enjoy speaking confidently, researching cases, looking at both sides of a situation, solving disputes fairly, building strong arguments, problem solving",Lawyer
Student_0012,"I like learning Chemistry, Maths, Psychology","In my free time I enjoy staying calm in emergencies, learning how the human body works, reading about diseases, solving health problems, careful observation",Doctor
Student_0784,"Mathematics, Economics, Statistics","I usually like finding mistakes in calculations, planning budgets, organising financial records, maths, trying creative ideas",Accountant
Student_0034,"Mostly Biology, Chemistry, Health Science, Social Studies","I like helping patients understand what is happening, being patient and practical, following health instructions, comforting people when they are nervous, checking on others, helping people",Nurse
Student_0031,"Mostly Social Studies, Health Science, English Literature, Chemistry, Business Studies","I am interested in being patient and practical, comforting people when they are nervous, helping patients understand what is happening, checking on others, responsibility",Nurse
Student_0346,"Mostly Computer Science, English","In my free time I enjoy finding security weaknesses, solving online mysteries, checking suspicious links, keeping systems safe, logic puzzles",Cybersecurity Analyst
Student_0868,"Mostly English Literature, Business, Digital Technology","making online campaigns, checking engagement data, designing posts, writing catchy captions, combining creativity with analytics, data",Digital Marketer
Student_0283,"My favourite subjects are Business Studies, Biology, Mathematics, English","In my free time I enjoy improving food packaging, testing food quality, mixing ingredients accurately, understanding nutrition labels, combining science with food ideas, creativity",Food Technologist
Student_0698,"I enjoy English Literature, Media Studies, Politics","interviewing people, telling real stories clearly, taking notes quickly, people skills",Journalist
Student_0169,"My favourite subjects are Agriculture, Health Science, Chemistry, Biology, Physics","I am interested in learning about animal behaviour, explaining animal care, understanding diseases in animals, staying gentle and calm, science experiments, trying creative ideas, problem solving",Veterinarian
Student_0472,"Mostly English, Computing, Design Technology","In my free time I enjoy sketching layouts, designing clean app screens, thinking about how users feel, choosing colours and typography, improving user experience, technology, helping friends",UI/UX Designer
Student_0330,"I like learning Data Science, Statistics, Mathematics","I like building smart tools, learning about machine learning, understanding patterns in data, problem solving",AI Engineer
Student_0779,"Mostly Economics, Accounting, Maths, Statistics","I am interested in checking numbers carefully, finding mistakes in calculations, tracking expenses, working with spreadsheets, comparing costs, problem solving, asking questions",Accountant
Student_0993,"Psychology, Physical Education, Biology, Health Science","I enjoy giving clear feedback, studying game strategy, watching performance closely, helping people improve fitness, leadership, nature",Sports Coach
Student_0083,"I like learning Health Science, Biology, English Literature","I enjoy learning about muscles and movement, planning exercise routines, watching sports techniques, explaining body movement, sports, helping friends",Physiotherapist
Student_0560,"Mostly Design Technology, Physics","In my free time I enjoy solving space problems, combining creativity with measurements, sketching structures, maths",Architect
Student_0650,"Mostly English Literature, Computer Science, Media Studies","I enjoy telling stories through clips, fixing timing, cutting videos, making dramatic moments land, technology",Film Editor
Student_0739,"Mostly English, Media Studies, Design Technology, Physics, Psychology","I am interested in editing images, working with lighting, taking creative photos, creativity",Photographer
Student_0433,"I like learning Digital Technology, Maths, Drama","I enjoy testing network speed, organising systems, keeping devices connected, learning how data travels, troubleshooting, making things better, communication",Network Engineer
Student_0074,"Psychology, Biology, Physical Education","I am interested in encouraging people to keep practising, being active and patient, explaining body movement, learning about muscles and movement, coaching",Physiotherapist
Student_0453,"I enjoy Computing, Digital Technology, Business Studies, Physics","I am interested in organising systems, fixing internet problems, testing network speed, understanding routers, technology, presenting ideas",Network Engineer
Student_0640,"I enjoy Media Studies, Computer Science, Art, Design Technology","I like thinking about timing and movement, creating short animations, editing motion, making scenes feel expressive, creativity, solving challenges",Animator
Student_0152,"Maths, Chemistry, Health Science","I am interested in fixing practical problems, learning about teeth and health, being precise with tools, combining science with careful design, using steady hands, science",Dentist
Student_0989,"Mostly Physical Education, Biology","I usually like motivating players, studying game strategy, building confidence through practice, health topics",Sports Coach
Student_0092,"I like learning English, Health Science, Psychology, PE","watching sports techniques, explaining body movement, planning exercise routines, being active and patient, helping people recover from injuries, coaching",Physiotherapist
Student_0652,"I like learning English Literature, Media Studies","making dramatic moments land, cutting videos, organising footage, adding effects, choosing music for scenes, creativity",Film Editor
Student_0716,"History, Politics, English, Social Studies","researching different viewpoints, telling real stories clearly, interviewing people, explaining news simply, research",Journalist
Student_0226,"Mostly Biology, Geography, Chemistry, Environmental Science","I usually like protecting coral reefs, learning about ocean life, researching ecosystems, studying fish behaviour, animals",Marine Biologist
Student_0809,"Business Studies, Politics","I enjoy building strong arguments, speaking confidently, debating ideas, writing, design",Lawyer
Student_0823,"I like learning Psychology, English Literature, Mathematics, English","In my free time I enjoy planning activities, communicating clearly, helping classmates learn, helping people",Teacher
Student_0144,"I enjoy Maths, Health Science, Chemistry, Statistics","I am interested in finding causes of disease, recording scientific results, using microscopes, research",Biomedical Scientist
Student_0211,"Statistics, Chemistry, Environmental Science, Mathematics","In my free time I enjoy testing water quality, learning about climate change, studying pollution, collecting field data, working with maps, problem solving",Environmental Scientist
Student_0859,"Mostly Maths, Economics, English, Digital Technology, Design Technology","turning problems into opportunities, solving customer problems, planning a business, taking smart risks, planning",Entrepreneur
Student_1032,"I like learning Geography, Mathematics, Computer Science","I like using flight simulations, following checklists, staying calm under pressure, responsibility",Pilot
Student_0503,"Mostly Mathematics, Design Technology, Physics","In my free time I enjoy planning strong structures, improving roads and spaces, building models, planning",Civil Engineer
Student_0438,"My favourite subjects are Physics, Digital Technology, Business","learning how data travels, setting up connections, fixing internet problems, troubleshooting, presenting ideas",Network Engineer
Student_0046,"My favourite subjects are Psychology, Chemistry, Health Science, English","I am interested in following health instructions, checking on others, comforting people when they are nervous, communication",Nurse
Student_0183,"Mostly English, Agriculture, Health Science","working outdoors sometimes, explaining animal care, solving health problems for animals, caring for animals, science experiments",Veterinarian
Student_0848,"My favourite subjects are Economics, Business, Digital Technology","I usually like making decisions quickly, turning problems into opportunities, selling ideas, taking smart risks, problem solving",Entrepreneur
Student_0140,"Chemistry, Statistics, Health Science","I usually like investigating how cells work, comparing data from tests, recording scientific results, working in a lab, running experiments carefully, research",Biomedical Scientist
Student_0563,"Mostly Design Technology, Geography, Physics","I usually like drawing building designs, sketching structures, making models, designing rooms people enjoy, maths, solving challenges",Architect
Student_1039,"I like learning Social Studies, Media Studies, Geography, Psychology","welcoming visitors, organising bookings, promoting destinations, learning about cultures, business",Tourism Manager
Student_0268,"I like learning Food Technology, Mathematics, Chemistry","I like checking hygiene standards, testing food quality, improving food packaging, detail work",Food Technologist
Student_0266,"Mostly Food Technology, Mathematics","In my free time I enjoy improving food packaging, mixing ingredients accurately, solving shelf life problems, understanding nutrition labels, testing food quality, health topics",Food Technologist
Student_0096,"My favourite subjects are Biology, Health Science, English Literature","I am interested in solving mobility problems, helping people recover from injuries, watching sports techniques, learning about muscles and movement, coaching",Physiotherapist
Student_0551,"I like learning Engineering, Computer Science","I am interested in testing electronics, understanding power systems, making technology reliable, building small devices, problem solving",Electrical Engineer
Student_0538,"I enjoy Engineering, Physics, Digital Technology, Design Technology","I am interested in measuring signals, making technology reliable, fixing electrical problems, understanding power systems, problem solving",Electrical Engineer
Student_0348,"Mostly Digital Technology, Maths","I am interested in thinking like an attacker ethically, finding security weaknesses, learning about passwords and networks, following digital clues, technology",Cybersecurity Analyst
Student_0086,"Mostly Physical Education, English","In my free time I enjoy being active and patient, solving mobility problems, encouraging people to keep practising, explaining body movement, helping people",Physiotherapist
Student_0566,"I like learning Physics, Design Technology","sketching structures, designing rooms people enjoy, thinking about light and layout, combining creativity with measurements, making models, maths",Architect
Student_0987,"English, Health Science, Psychology, Biology","I enjoy building confidence through practice, motivating players, helping people improve fitness, sports",Sports Coach
Student_0248,"I enjoy Chemistry, Statistics","I am interested in recording facts carefully, solving mysteries with evidence, following clues logically, analysing samples, noticing tiny details, science experiments",Forensic Scientist
Student_0076,"My favourite subjects are Health Science, Physical Education","I enjoy encouraging people to keep practising, watching sports techniques, learning about muscles and movement, health topics",Physiotherapist
Student_0906,"My favourite subjects are Business, Media Studies, Mathematics","I usually like making experiences feel exciting, managing budgets, planning schedules, working with groups, keeping people on track, leadership",Event Planner
Student_0557,"I like learning Design Technology, Geography, Physics, Maths","I usually like designing rooms people enjoy, planning spaces, drawing building designs, making models, design",Architect
Student_0622,"My favourite subjects are Digital Technology, Art","I like communicating ideas visually, turning messages into designs, creating posters, technology",Graphic Designer
Student_0879,"Media Studies, Business Studies, Art","I like testing what audience likes, combining creativity with analytics, designing posts, checking engagement data, understanding social media trends, data",Digital Marketer
Student_0521,"Mostly Engineering, Computer Science, Physics","I usually like building practical devices, fixing engines, testing prototypes, understanding how machines work, problem solving, data",Mechanical Engineer
Student_0052,"Biology, Chemistry","I am interested in learning about side effects, understanding how medicines work, checking details carefully, explaining instructions clearly, reading medicine labels, numbers",Pharmacist
Student_0930,"My favourite subjects are English Literature, Social Studies, Psychology","I enjoy working with different groups, being patient during hard conversations, standing up for fairness, listening without judging, understanding family and community issues, people skills",Social Worker
Student_0247,"Chemistry, Biology, Statistics, Physics","I am interested in following clues logically, recording facts carefully, connecting science to investigations, using lab techniques, solving mysteries with evidence, research",Forensic Scientist
Student_1010,"I enjoy Mathematics, English","I am interested in staying calm under pressure, reading maps, using flight simulations, paying attention to instruments, learning about aircraft, technology",Pilot
Student_0819,"I enjoy Psychology, Mathematics","organising group work, encouraging younger students, helping classmates learn, being patient with questions, making lessons fun, leadership",Teacher
Student_0238,"My favourite subjects are Maths, Geography","I like understanding marine conservation, learning about ocean life, studying fish behaviour, research",Marine Biologist
Student_0897,"I like learning Media Studies, Mathematics, Art, English Literature","I usually like managing budgets, working with groups, keeping people on track, creativity, science experiments",Event Planner
Student_0552,"Design Technology, Computing, Engineering","I am interested in testing electronics, building small devices, working with circuits, measuring signals, maths",Electrical Engineer
Student_0185,"Mostly Health Science, Agriculture","I enjoy staying gentle and calm, working outdoors sometimes, caring for animals, solving health problems for animals, understanding diseases in animals, careful observation",Veterinarian
Student_0531,"My favourite subjects are Physics, Digital Technology, Design Technology","I like measuring signals, working with circuits, understanding power systems, testing electronics, problem solving",Electrical Engineer
Student_0055,"Mostly Biology, Chemistry, Design Technology","I like learning about side effects, checking details carefully, reading medicine labels, organising information, mixing and measuring accurately, science experiments",Pharmacist
Student_0139,"My favourite subjects are Mathematics, Statistics, Geography","I like recording scientific results, working in a lab, using microscopes, investigating how cells work, finding causes of disease, science experiments",Biomedical Scientist
Student_0837,"Mostly Psychology, English, Education","I like making lessons fun, helping classmates learn, organising group work, leadership, organising notes",Teacher
Student_0756,"Mostly Art, Media Studies, Design Technology, Business","sketching outfits, following style trends, planning colour combinations, business",Fashion Designer
Student_0730,"Media Studies, Design Technology, Art","making people feel comfortable on camera, noticing small visual details, choosing angles, detail work",Photographer
Student_0595,"My favourite subjects are Engineering, Physics, Geography, Psychology","I enjoy working with electricity and sustainability, improving energy use, testing efficient technology, designing clean energy systems, building practical solutions for the future, experiments",Renewable Energy Engineer
Student_0666,"I like learning Media Studies, Digital Technology, English Literature","In my free time I enjoy fixing timing, creating trailers and short films, choosing music for scenes, telling stories through clips, creativity",Film Editor
Student_0932,"Mostly History, English Literature, Psychology","I like working with different groups, listening without judging, understanding family and community issues, supporting people through problems, responsibility",Social Worker
Student_1074,"My favourite subjects are Environmental Science, Agriculture, Digital Technology","I am interested in tracking plant growth, improving farming methods, learning about crops, testing soil, solving food production problems, nature",Agriculture Technologist
Student_0491,"Physics, Engineering, Design Technology","I like building models, designing bridges, planning strong structures, working with measurements, maths, watching documentaries",Civil Engineer
Student_0574,"Geography, Art, Maths, Physics","combining creativity with measurements, planning spaces, solving space problems, drawing building designs, drawing",Architect
Student_0116,"My favourite subjects are Statistics, Health Science, Biology","I am interested in reading about emotions, explaining ideas with empathy, listening to people's problems, research",Psychologist
Student_0878,"Digital Technology, Business Studies","making online campaigns, designing posts, checking engagement data, testing what audience likes, understanding social media trends, communication",Digital Marketer
Student_0973,"Mostly Food Technology, Business, Physics","I am interested in cooking under pressure, creating recipes, testing flavours, making meals people enjoy, hands-on projects",Chef
Student_0547,"Mostly Physics, Design Technology, Computing, Engineering, Art","In my free time I enjoy building small devices, measuring signals, fixing electrical problems, designing control systems, working with circuits, problem solving",Electrical Engineer
Student_0718,"Mostly History, Social Studies, English, Politics","telling real stories clearly, explaining news simply, asking good questions, checking facts, writing",Journalist
Student_0755,"Mostly Design Technology, Media Studies","I am interested in choosing fabrics, following style trends, making patterns, mixing creativity with branding, creativity, joining school activities",Fashion Designer
Student_0236,"My favourite subjects are Chemistry, Geography, Environmental Science","I usually like studying fish behaviour, researching ecosystems, protecting coral reefs, watching documentaries about the sea, learning about ocean life, science experiments",Marine Biologist
Student_0056,"Mathematics, English Literature, Health Science, Chemistry","I like helping people choose safe options, reading medicine labels, learning about side effects, understanding how medicines work, numbers",Pharmacist
Student_0923,"Social Studies, Health Science, History","I enjoy listening without judging, supporting people through problems, helping people feel safe, working with different groups, understanding family and community issues, people skills, presenting ideas",Social Worker
Student_1059,"Chemistry, Computing, Biology, Agriculture","I like using technology outdoors, solving food production problems, working with sensors and data, data",Agriculture Technologist
Student_0712,"Media Studies, Social Studies, Politics","I enjoy writing stories, interviewing people, checking facts, telling real stories clearly, research, asking questions",Journalist
Student_0816,"Mostly Politics, Business, English Literature, History","I like debating ideas, reading rules carefully, researching cases, solving disputes fairly, people skills",Lawyer
Student_0119,"Statistics, Social Studies, Psychology","I am interested in noticing patterns in behaviour, asking thoughtful questions, researching mental health, explaining ideas with empathy, reading about emotions, writing",Psychologist
Student_0596,"Mostly Maths, Engineering, Environmental Science","I enjoy designing clean energy systems, building practical solutions for the future, researching wind and water power, testing efficient technology, working with electricity and sustainability, problem solving",Renewable Energy Engineer
Student_0896,"Mostly Art, Mathematics","organising events, managing budgets, decorating spaces, keeping people on track, creativity",Event Planner
Student_0094,"I like learning Psychology, PE","I am interested in helping people recover from injuries, encouraging people to keep practising, being active and patient, planning exercise routines, sports",Physiotherapist
Student_0950,"My favourite subjects are Psychology, Social Studies, English, Economics","In my free time I enjoy understanding motivation, communicating with different people, keeping records organised, planning",Human Resources Manager
Student_0477,"Mostly Digital Technology, Psychology, Art, English Literature","In my free time I enjoy testing interfaces, choosing colours and typography, improving user experience, making buttons easy to understand, designing clean app screens, problem solving, joining school activities",UI/UX Designer
Student_0549,"I like learning Design Technology, Computing, Maths","In my free time I enjoy building small devices, testing electronics, working with circuits, designing control systems, maths, helping friends",Electrical Engineer
Student_0792,"Business Studies, Statistics, Economics","I like helping people make responsible money decisions, planning budgets, finding mistakes in calculations, comparing costs, detail work",Accountant
Student_0385,"My favourite subjects are Design Technology, Physics, Mathematics, Geography","In my free time I enjoy coding interactive challenges, balancing difficulty, thinking about player experience, creating characters, testing gameplay, drawing, presenting ideas, writing",Game Developer
Student_0303,"My favourite subjects are Design Technology, English Literature, Digital Technology, Mathematics","In my free time I enjoy building websites, solving bugs, coding small apps, automating boring tasks, turning ideas into software, technology",Software Developer
Student_0416,"Design Technology, Engineering, Computer Science","I usually like making devices respond to movement, testing robots, coding sensors, designing automated systems, experiments",Robotics Engineer
Student_1076,"Mostly Environmental Science, Biology, Computer Science","I usually like learning about crops, protecting land while growing food, improving farming methods, testing soil, problem solving",Agriculture Technologist
Student_0042,"Biology, Chemistry, Health Science","I usually like working in a team, following health instructions, comforting people when they are nervous, teamwork",Nurse
Student_0439,"Mostly Business Studies, Maths, Physics, Digital Technology, History","I am interested in keeping devices connected, fixing internet problems, setting up connections, testing network speed, troubleshooting",Network Engineer
Student_0533,"My favourite subjects are Engineering, Maths","I usually like building small devices, measuring signals, fixing electrical problems, maths",Electrical Engineer
Student_0647,"I enjoy English Literature, Media Studies","I usually like thinking about timing and movement, drawing storyboards, editing motion, bringing characters to life, drawing",Animator
Student_0572,"I enjoy Physics, Geography, Design Technology, Art","I usually like sketching structures, combining creativity with measurements, planning spaces, thinking about light and layout, design",Architect
Student_0912,"English, Maths, Art, Business","I usually like decorating spaces, making experiences feel exciting, working with groups, organising events, teamwork",Event Planner
Student_0353,"My favourite subjects are Maths, English, Computing","I enjoy solving online mysteries, keeping systems safe, finding security weaknesses, thinking like an attacker ethically, research, science experiments",Cybersecurity Analyst
Student_0871,"Mostly Business Studies, English, Media Studies, Design Technology","designing posts, understanding social media trends, testing what audience likes, writing catchy captions, making online campaigns, communication",Digital Marketer
Student_0920,"Mostly Psychology, History, English Literature","In my free time I enjoy standing up for fairness, understanding family and community issues, being patient during hard conversations, supporting people through problems, research",Social Worker
Student_0442,"Mostly Maths, Business","I am interested in fixing internet problems, keeping devices connected, organising systems, setting up connections, technology",Network Engineer
Student_1047,"My favourite subjects are English, Geography, Business","I am interested in organising bookings, learning about cultures, promoting destinations, welcoming visitors, working with people from different places, planning",Tourism Manager
Student_0928,"Mostly History, Social Studies","I usually like supporting people through problems, standing up for fairness, working with different groups, helping people feel safe, communication, trying creative ideas",Social Worker
Student_0676,"Mostly Digital Technology, Physics, Media Studies","I like balancing rhythm and mood, editing audio, mixing beats, creating melodies, listening skills",Music Producer
Student_0546,"My favourite subjects are Physics, Design Technology","I usually like understanding power systems, working with circuits, building small devices, technology",Electrical Engineer
Student_0341,"My favourite subjects are Maths, Computer Science","I usually like finding security weaknesses, solving online mysteries, thinking like an attacker ethically, checking suspicious links, problem solving",Cybersecurity Analyst
Student_0470,"Mostly Design Technology, English Literature, Psychology","I like making buttons easy to understand, testing interfaces, sketching layouts, technology",UI/UX Designer
Student_0891,"I like learning Media Studies, Business, Mathematics","In my free time I enjoy working with groups, managing budgets, keeping people on track, decorating spaces, organising events, teamwork",Event Planner
Student_1049,"I enjoy Geography, Media Studies, Business Studies, English Literature","I usually like promoting destinations, creating fun itineraries, planning travel experiences, welcoming visitors, people skills, communication",Tourism Manager
Student_0851,"I enjoy English Literature, Business Studies","I enjoy selling ideas, promoting products, starting small projects, planning a business, problem solving, organising notes",Entrepreneur
Student_0315,"I enjoy Statistics, Physics, Mathematics, Digital Technology","In my free time I enjoy testing predictions, working with algorithms, improving model accuracy, training models, maths",AI Engineer
Student_0150,"I like learning Mathematics, Chemistry, Art","I usually like fixing practical problems, working carefully with small details, explaining hygiene habits, helping people feel confident, being precise with tools, detail work, solving challenges",Dentist
Student_0434,"I enjoy Maths, Digital Technology, Computing","I usually like understanding routers, learning how data travels, solving technical issues, systems",Network Engineer
Student_0323,"Maths, Computer Science","I like improving model accuracy, building smart tools, learning about machine learning, understanding patterns in data, technology, working with classmates",AI Engineer
Student_0174,"I like learning Biology, English","In my free time I enjoy understanding diseases in animals, working outdoors sometimes, learning about animal behaviour, explaining animal care, science experiments, watching documentaries",Veterinarian
Student_0223,"Mathematics, Environmental Science, Biology","In my free time I enjoy watching documentaries about the sea, researching ecosystems, studying fish behaviour, working outdoors near water, protecting coral reefs, nature",Marine Biologist
Student_0861,"I like learning Digital Technology, Economics, Business Studies","In my free time I enjoy planning a business, selling ideas, solving customer problems, planning, working with classmates",Entrepreneur
Student_0359,"I enjoy English Literature, Computing, Physics, Maths","In my free time I enjoy solving online mysteries, learning about passwords and networks, keeping systems safe, thinking like an attacker ethically, finding security weaknesses, research",Cybersecurity Analyst
Student_0072,"Mostly Maths, Health Science, English","I am interested in understanding how medicines work, learning about side effects, helping people choose safe options, explaining instructions clearly, checking details carefully, science experiments",Pharmacist
Student_0768,"Business Studies, Media Studies, Art","planning colour combinations, turning ideas into clothes, following style trends, making patterns, design",Fashion Designer
Student_0351,"I enjoy Digital Technology, English","I enjoy following digital clues, keeping systems safe, finding security weaknesses, thinking like an attacker ethically, logic puzzles",Cybersecurity Analyst
Student_0016,"Mostly Chemistry, Health Science, Mathematics, Biology","In my free time I enjoy understanding symptoms, explaining health advice clearly, working carefully under pressure, teamwork, solving challenges",Doctor
Student_0775,"My favourite subjects are Economics, Accounting, Mathematics, Business Studies","I usually like working with spreadsheets, checking numbers carefully, comparing costs, planning budgets, detail work",Accountant
Student_0971,"Mostly Health Science, Business, Food Technology","I am interested in testing flavours, understanding ingredients, making meals people enjoy, cooking under pressure, detail work, working with classmates",Chef
Student_0326,"I enjoy Computing, Data Science, Mathematics","I am interested in training models, improving model accuracy, working with algorithms, experimenting with data, coding",AI Engineer
Student_0130,"My favourite subjects are Health Science, Statistics, Chemistry","I usually like recording scientific results, investigating how cells work, using microscopes, working in a lab, data",Biomedical Scientist
Student_0316,"My favourite subjects are Computing, Data Science","I usually like improving model accuracy, testing predictions, training models, coding",AI Engineer
Student_0885,"Mostly Art, Media Studies","In my free time I enjoy understanding social media trends, making online campaigns, designing posts, writing catchy captions, combining creativity with analytics, technology, helping friends",Digital Marketer
Student_0614,"English Literature, Media Studies, Computing, Art","turning messages into designs, designing logos, creating posters, communicating ideas visually, creativity",Graphic Designer
Student_0751,"I like learning Textiles, Design Technology, Business Studies, Computer Science","creating wearable designs, mixing creativity with branding, making patterns, projects",Fashion Designer
Student_0419,"I enjoy Computing, Maths, Design Technology","coding sensors, designing automated systems, building moving machines, experiments, learning new tools",Robotics Engineer
Student_0242,"My favourite subjects are Mathematics, Biology","In my free time I enjoy recording facts carefully, solving mysteries with evidence, testing fingerprints, using lab techniques, science experiments",Forensic Scientist
Student_0065,"I enjoy Maths, Chemistry","I enjoy helping people choose safe options, checking details carefully, reading medicine labels, learning about side effects, numbers, planning",Pharmacist
Student_0276,"My favourite subjects are Business Studies, Chemistry","I usually like solving shelf life problems, mixing ingredients accurately, testing food quality, detail work",Food Technologist
Student_0463,"My favourite subjects are Design Technology, English Literature, Psychology, Mathematics","In my free time I enjoy turning feedback into better designs, sketching layouts, testing interfaces, thinking about how users feel, designing clean app screens, drawing",UI/UX Designer
Student_0921,"Mostly Psychology, Health Science, History","connecting people with help, being patient during hard conversations, working with different groups, listening without judging, supporting people through problems, communication, science experiments",Social Worker
Student_0126,"My favourite subjects are Biology, Statistics","I enjoy investigating how cells work, working in a lab, recording scientific results, running experiments carefully, comparing data from tests, careful observation, asking questions",Biomedical Scientist
Student_0944,"I enjoy Psychology, Business","I am interested in solving workplace issues, planning staff activities, helping teams work better, understanding motivation, people skills",Human Resources Manager
Student_0605,"I enjoy Art, Computer Science, Design Technology","I usually like making social media graphics, choosing colours, communicating ideas visually, designing logos, editing images, creativity",Graphic Designer
Student_0272,"Mostly Chemistry, Food Technology, Biology","In my free time I enjoy testing food quality, mixing ingredients accurately, understanding nutrition labels, checking hygiene standards, problem solving",Food Technologist
Student_0405,"My favourite subjects are Physics, Computer Science, Design Technology","In my free time I enjoy balancing difficulty, designing game levels, thinking about player experience, fixing game bugs, building fun mechanics, drawing, working with classmates",Game Developer
Student_0429,"Mostly Mathematics, Digital Technology, Physics","I like testing robots, fixing mechanical problems, combining hardware and software, designing automated systems, experiments, trying creative ideas",Robotics Engineer
Student_0402,"Mostly Computer Science, Design Technology","I am interested in coding interactive challenges, designing game levels, balancing difficulty, creativity",Game Developer
Student_0368,"I like learning Business Studies, Maths, Economics","I usually like comparing survey answers, cleaning messy data, explaining results simply, turning data into decisions, spotting trends, technology",Data Analyst
Student_0093,"Mostly Psychology, English Literature, Biology","I usually like learning about muscles and movement, watching sports techniques, explaining body movement, helping people, solving challenges",Physiotherapist
Student_0480,"I like learning Psychology, Digital Technology, Design Technology, Art","designing clean app screens, sketching layouts, thinking about how users feel, making buttons easy to understand, communication",UI/UX Designer
Student_0322,"Statistics, Digital Technology, Physics","I enjoy experimenting with data, building smart tools, improving model accuracy, understanding patterns in data, technology",AI Engineer
